rollout/exploration_rate,time/episodes,rollout/ep_rew_mean,time/fps,time/total_timesteps,time/time_elapsed,rollout/ep_len_mean,train/n_updates,train/loss,train/learning_rate
0.9990496,4,-20.371874499999997,6,288,47,72.0,,,
0.9980992,8,-21.20992675,6,576,95,72.0,,,
0.9971488000000001,12,-22.311353666666665,6,864,137,72.0,,,
0.9961984,16,-22.2540805625,6,1152,184,72.0,72,279.73509979248047,0.001
0.995248,20,-22.024098450000004,6,1440,226,72.0,216,139.73309707641602,0.001
0.9942976,24,-21.904725166666665,6,1728,277,72.0,360,372.0108947753906,0.001
0.9933472,28,-22.418967571428567,6,2016,321,72.0,504,2613.6553344726562,0.001
0.9923968000000001,32,-22.259342781249998,6,2304,369,72.0,648,553.8379592895508,0.001
0.9914464000000001,36,-22.07819208333333,6,2592,419,72.0,792,1835.7031860351562,0.001
0.990496,40,-22.754565075,6,2880,465,72.0,936,1062.1966857910156,0.001
0.9895456,44,-23.041939181818183,6,3168,515,72.0,1080,2010.8197937011719,0.001
0.9885952,48,-23.135753979166665,6,3456,562,72.0,1224,1815.1170959472656,0.001
0.9876447999999999,52,-23.569727384615383,6,3744,608,72.0,1368,2391.813507080078,0.001
0.9866944000000001,56,-23.51937619642857,6,4032,657,72.0,1512,11566.46728515625,0.001
0.9857440000000001,60,-23.464832,6,4320,707,72.0,1656,3955.3629760742188,0.001
0.9847936,64,-23.506349484375,6,4608,754,72.0,1800,5458.1644287109375,0.001
0.9838431999999999,68,-23.655051014705883,6,4896,801,72.0,1944,5668.755615234375,0.001
0.9828927999999999,72,-23.50451701388889,6,5184,852,72.0,2088,7267.3118896484375,0.001
0.9819424000000001,76,-23.350096789473685,6,5472,898,72.0,2232,8428.022827148438,0.001
0.9809920000000001,80,-23.493921425,6,5760,952,72.0,2376,9857.34765625,0.001
0.9800416,84,-23.28989207142857,6,6048,1006,72.0,2520,29848.76953125,0.001
0.9790911999999999,88,-23.111022454545456,5,6336,1059,72.0,2664,13342.739990234375,0.001
0.9781407999999999,92,-22.99332567391304,5,6624,1110,72.0,2808,22217.0439453125,0.001
0.9771904000000001,96,-23.189186260416665,5,6912,1159,72.0,2952,18105.625732421875,0.001
0.97624,100,-23.39220538,5,7200,1206,72.0,3096,31872.82470703125,0.001
0.9752896,104,-23.784464229999994,5,7488,1255,72.0,3240,28073.900390625,0.001
0.9743392,108,-23.949910459999998,5,7776,1303,72.0,3384,30836.873046875,0.001
0.9733887999999999,112,-23.841086739999994,5,8064,1354,72.0,3528,66244.7099609375,0.001
0.9724383999999999,116,-23.909375429999997,5,8352,1408,72.0,3672,38124.33984375,0.001
0.971488,120,-23.974368679999994,5,8640,1460,72.0,3816,52748.9130859375,0.001
0.9705376,124,-24.133807340000004,5,8928,1514,72.0,3960,48574.951171875,0.001
0.9695872,128,-24.038969640000005,5,9216,1562,72.0,4104,49805.7646484375,0.001
0.9686368,132,-24.16340425,5,9504,1609,72.0,4248,49646.87109375,0.001
0.9676864,136,-24.219436859999995,5,9792,1662,72.0,4392,70043.685546875,0.001
0.966736,140,-23.92721042,5,10080,1718,72.0,4536,99440.80859375,0.001
0.9657856,144,-23.82429071000001,5,10368,1771,72.0,4680,64138.5712890625,0.001
0.9648352,148,-23.70430619,5,10656,1827,72.0,4824,72188.0322265625,0.001
0.9638848,152,-23.341391549999994,5,10944,1878,72.0,4968,84999.71484375,0.001
0.9629344,156,-23.132230459999995,5,11232,1931,72.0,5112,100227.673828125,0.001
0.9619840000000001,160,-22.999103619999996,5,11520,1983,72.0,5256,249155.59765625,0.001
0.9610336,164,-22.73081929,5,11808,2034,72.0,5400,97492.169921875,0.001
0.9600832,168,-22.50103309,5,12096,2086,72.0,5544,135313.103515625,0.001
0.9591328,172,-22.608938660000003,5,12384,2136,72.0,5688,102722.23046875,0.001
0.9581824,176,-22.516869169999996,5,12672,2184,72.0,5832,127028.86328125,0.001
0.9572320000000001,180,-22.20857231,5,12960,2233,72.0,5976,135138.5390625,0.001
0.9562816000000001,184,-22.235693419999997,5,13248,2285,72.0,6120,124321.53125,0.001
0.9553312,188,-22.274492570000003,5,13536,2332,72.0,6264,194198.421875,0.001
0.9543808,192,-22.513952829999994,5,13824,2382,72.0,6408,115626.662109375,0.001
0.9534304,196,-22.394253040000002,5,14112,2429,72.0,6552,121391.630859375,0.001
0.9524799999999999,200,-22.071340649999996,5,14400,2478,72.0,6696,120490.84375,0.001
0.9515296000000001,204,-21.773777850000002,5,14688,2530,72.0,6840,112445.888671875,0.001
0.9505792000000001,208,-21.72003622,5,14976,2580,72.0,6984,126341.041015625,0.001
0.9496288,212,-21.82141607,5,15264,2627,72.0,7128,131397.775390625,0.001
0.9486783999999999,216,-21.902695150000003,5,15552,2675,72.0,7272,133231.53125,0.001
0.9477279999999999,220,-21.827751350000003,5,15840,2725,72.0,7416,133000.501953125,0.001
0.9467776000000001,224,-21.822443679999996,5,16128,2773,72.0,7560,132969.10546875,0.001
0.9458272000000001,228,-21.724078589999994,5,16416,2821,72.0,7704,133073.125,0.001
0.9448768,232,-21.574171609999993,5,16704,2875,72.0,7848,118936.92578125,0.001
0.9439263999999999,236,-21.4787212,5,16992,2924,72.0,7992,141801.55078125,0.001
0.9429759999999999,240,-21.61782104,5,17280,2975,72.0,8136,148509.333984375,0.001
0.9420255999999999,244,-21.597319759999994,5,17568,3029,72.0,8280,128299.23828125,0.001
0.9410752,248,-21.732572330000004,5,17856,3081,72.0,8424,129624.29296875,0.001
0.9401248,252,-22.05721797,5,18144,3135,72.0,8568,137880.4296875,0.001
0.9391744,256,-22.3541409,5,18432,3186,72.0,8712,127031.9453125,0.001
0.938224,260,-22.90797805,5,18720,3237,72.0,8856,151876.95703125,0.001
0.9372735999999999,264,-23.02707666,5,19008,3290,72.0,9000,198702.51953125,0.001
0.9363232,268,-22.99453802,5,19296,3342,72.0,9144,167361.40234375,0.001
0.9353728,272,-22.983370769999997,5,19584,3398,72.0,9288,160881.89453125,0.001
0.9344224,276,-22.92984169,5,19872,3449,72.0,9432,152496.59375,0.001
0.933472,280,-22.997549649999996,5,20160,3502,72.0,9576,147563.90234375,0.001
0.9325216,284,-23.165317409999997,5,20448,3557,72.0,9720,176035.5390625,0.001
0.9315712,288,-23.46151685,5,20736,3608,72.0,9864,184976.0,0.001
0.9306208,292,-23.144021340000005,5,21024,3660,72.0,10008,208120.1015625,0.001
0.9296704,296,-22.965766240000004,5,21312,3709,72.0,10152,182779.453125,0.001
0.92872,300,-23.000522119999996,5,21600,3764,72.0,10296,175782.5703125,0.001
0.9277696,304,-23.20148934,5,21888,3812,72.0,10440,165061.22265625,0.001
0.9268192000000001,308,-22.97841061,5,22176,3865,72.0,10584,204733.79296875,0.001
0.9258688,312,-23.084317679999998,5,22464,3920,72.0,10728,200180.7421875,0.001
0.9249184,316,-22.80802814,5,22752,3973,72.0,10872,176521.23046875,0.001
0.923968,320,-22.62307479,5,23040,4030,72.0,11016,233951.515625,0.001
0.9230175999999999,324,-22.511105,5,23328,4082,72.0,11160,207913.48828125,0.001
0.9220671999999999,328,-22.682789389999996,5,23616,4138,72.0,11304,203223.8046875,0.001
0.9211168000000001,332,-22.585562879999998,5,23904,4191,72.0,11448,218396.14453125,0.001
0.9201664,336,-22.529356799999995,5,24192,4245,72.0,11592,235240.68359375,0.001
0.919216,340,-22.486981479999994,5,24480,4298,72.0,11736,229671.23828125,0.001
0.9182656,344,-22.38600301,5,24768,4348,72.0,11880,241067.75390625,0.001
0.9173151999999999,348,-22.21026227,5,25056,4400,72.0,12024,243931.9765625,0.001
0.9163648000000001,352,-22.05694001,5,25344,4450,72.0,12168,258492.2890625,0.001
0.9154144000000001,356,-21.795967570000006,5,25632,4499,72.0,12312,233757.78515625,0.001
0.9144639999999999,360,-21.42447715,5,25920,4553,72.0,12456,293958.1171875,0.001
0.9135135999999999,364,-21.536839140000005,5,26208,4606,72.0,12600,284614.578125,0.001
0.9125631999999999,368,-21.764807499999996,5,26496,4658,72.0,12744,249530.83984375,0.001
0.9116128000000001,372,-21.445019359999996,5,26784,4715,72.0,12888,240842.578125,0.001
0.9106624000000001,376,-21.70072944,5,27072,4766,72.0,13032,329642.921875,0.001
0.909712,380,-21.87424935,5,27360,4819,72.0,13176,312882.78125,0.001
0.9087616,384,-21.957636830000002,5,27648,4873,72.0,13320,270988.46875,0.001
0.9078111999999999,388,-21.95111218,5,27936,4927,72.0,13464,324116.9453125,0.001
0.9068607999999999,392,-22.176180849999994,5,28224,4983,72.0,13608,277744.8125,0.001
0.9059104,396,-22.262659339999995,5,28512,5039,72.0,13752,363078.65625,0.001
0.90496,400,-22.469245109999996,5,28800,5090,72.0,13896,233595.6015625,0.001
0.9040096,404,-22.157787470000002,5,29088,5145,72.0,14040,325883.1875,0.001
0.9030592,408,-22.119894710000004,5,29376,5200,72.0,14184,299028.671875,0.001
0.9021087999999999,412,-21.67430898,5,29664,5254,72.0,14328,314642.8359375,0.001
0.9011584,416,-21.57477718,5,29952,5308,72.0,14472,359449.40625,0.001
0.900208,420,-21.94265538,5,30240,5360,72.0,14616,303157.7890625,0.001
0.8992576,424,-21.943016789999998,5,30528,5416,72.0,14760,297504.35546875,0.001
0.8983072,428,-21.813174579999995,5,30816,5469,72.0,14904,314527.09375,0.001
0.8973568,432,-21.97800101,5,31104,5522,72.0,15048,290070.078125,0.001
0.8964064,436,-22.015720809999998,5,31392,5574,72.0,15192,363656.875,0.001
0.895456,440,-22.087301189999994,5,31680,5628,72.0,15336,281224.84375,0.001
0.8945056,444,-22.05696929,5,31968,5682,72.0,15480,297859.14453125,0.001
0.8935552,448,-22.27587182,5,32256,5737,72.0,15624,290208.67578125,0.001
0.8926048,452,-22.23809448,5,32544,5792,72.0,15768,320870.8828125,0.001
0.8916544000000001,456,-22.49456159,5,32832,5853,72.0,15912,281726.88671875,0.001
0.890704,460,-22.444738360000002,5,33120,5906,72.0,16056,291637.98828125,0.001
0.8897536,464,-22.49963714,5,33408,5959,72.0,16200,331662.59375,0.001
0.8888032,468,-22.713902249999997,5,33696,6012,72.0,16344,280871.21875,0.001
0.8878528,472,-23.114394,5,33984,6068,72.0,16488,290388.2109375,0.001
0.8869024000000001,476,-22.890855180000003,5,34272,6119,72.0,16632,282487.1875,0.001
0.8859520000000001,480,-22.829540460000004,5,34560,6179,72.0,16776,324988.625,0.001
0.8850016,484,-22.570574110000003,5,34848,6233,72.0,16920,294038.33203125,0.001
0.8840512,488,-22.422927960000006,5,35136,6287,72.0,17064,342226.84375,0.001
0.8831007999999999,492,-22.407875599999997,5,35424,6340,72.0,17208,340019.8359375,0.001
0.8821503999999999,496,-22.278918450000003,5,35712,6395,72.0,17352,332435.71875,0.001
0.8812000000000001,500,-22.093298640000004,5,36000,6451,72.0,17496,306157.703125,0.001
0.8802496000000001,504,-22.27820482,5,36288,6507,72.0,17640,344908.3671875,0.001
0.8792992,508,-22.382458160000002,5,36576,6564,72.0,17784,287270.5,0.001
0.8783487999999999,512,-22.60330119999999,5,36864,6623,72.0,17928,298944.421875,0.001
0.8773983999999999,516,-22.957610910000003,5,37152,6675,72.0,18072,344817.2421875,0.001
0.8764479999999999,520,-22.93376389,5,37440,6733,72.0,18216,373773.03125,0.001
0.8754976000000001,524,-22.869253850000003,5,37728,6791,72.0,18360,322381.62109375,0.001
0.8745472,528,-22.998624279999998,5,38016,6845,72.0,18504,368294.0859375,0.001
0.8735968,532,-23.105721180000003,5,38304,6900,72.0,18648,364236.9921875,0.001
0.8726463999999999,536,-23.251074220000007,5,38592,6957,72.0,18792,340374.9453125,0.001
0.8716959999999999,540,-23.176020870000013,5,38880,7011,72.0,18936,308853.578125,0.001
0.8707456,544,-23.451539510000003,5,39168,7064,72.0,19080,296280.51171875,0.001
0.8697952,548,-23.142667360000004,5,39456,7117,72.0,19224,399068.5390625,0.001
0.8688448,552,-23.002932890000007,5,39744,7173,72.0,19368,360697.2421875,0.001
0.8678944,556,-22.86863699,5,40032,7226,72.0,19512,417462.2109375,0.001
0.8669439999999999,560,-22.819434740000002,5,40320,7280,72.0,19656,351581.171875,0.001
0.8659936000000001,564,-22.67613132,5,40608,7329,72.0,19800,345289.8125,0.001
0.8650432,568,-22.303650549999997,5,40896,7383,72.0,19944,464057.59375,0.001
0.8640928,572,-22.195430679999994,5,41184,7436,72.0,20088,351217.3046875,0.001
0.8631424,576,-22.357878939999996,5,41472,7495,72.0,20232,334480.71875,0.001
0.862192,580,-22.181124650000005,5,41760,7547,72.0,20376,377247.78125,0.001
0.8612416,584,-22.287610889999996,5,42048,7603,72.0,20520,418970.9453125,0.001
0.8602912,588,-22.1317827,5,42336,7659,72.0,20664,434023.7421875,0.001
0.8593408,592,-22.045742169999997,5,42624,7714,72.0,20808,473096.9140625,0.001
0.8583904,596,-21.979110090000002,5,42912,7770,72.0,20952,416259.1171875,0.001
0.85744,600,-22.117445800000006,5,43200,7824,72.0,21096,470601.140625,0.001
0.8564896000000001,604,-22.26069301,5,43488,7876,72.0,21240,430304.765625,0.001
0.8555392,608,-22.078120980000005,5,43776,7938,72.0,21384,400125.5546875,0.001
0.8545888,612,-22.033882289999998,5,44064,7994,72.0,21528,426563.671875,0.001
0.8536384,616,-21.805641399999995,5,44352,8051,72.0,21672,452859.4140625,0.001
0.8526879999999999,620,-21.595629080000002,5,44640,8104,72.0,21816,458323.640625,0.001
0.8517375999999999,624,-21.568147840000005,5,44928,8161,72.0,21960,505252.5703125,0.001
0.8507872000000001,628,-21.474649290000006,5,45216,8218,72.0,22104,468673.1796875,0.001
0.8498368000000001,632,-21.32979478,5,45504,8272,72.0,22248,594776.5625,0.001
0.8488864,636,-21.063542419999997,5,45792,8331,72.0,22392,427375.07421875,0.001
0.8479359999999999,640,-20.90147274,5,46080,8386,72.0,22536,420172.4921875,0.001
0.8469855999999999,644,-20.66649839,5,46368,8443,72.0,22680,502888.765625,0.001
0.8460351999999999,648,-20.731463879999996,5,46656,8499,72.0,22824,551346.65625,0.001
0.8450848000000001,652,-20.909216809999997,5,46944,8551,72.0,22968,556451.4609375,0.001
0.8441344,656,-21.014314429999995,5,47232,8607,72.0,23112,484187.78125,0.001
0.8431839999999999,660,-21.00017312,5,47520,8657,72.0,23256,601252.65625,0.001
0.8422335999999999,664,-20.884614479999996,5,47808,8708,72.0,23400,537215.75,0.001
0.8412831999999999,668,-20.826367960000002,5,48096,8761,72.0,23544,435324.2890625,0.001
0.8403328000000001,672,-20.9597251,5,48384,8810,72.0,23688,375640.8046875,0.001
0.8393824000000001,676,-20.791207339999996,5,48672,8863,72.0,23832,483415.296875,0.001
0.838432,680,-21.083258739999998,5,48960,8916,72.0,23976,377797.9453125,0.001
0.8374815999999999,684,-21.131527329999997,5,49248,8970,72.0,24120,459431.265625,0.001
0.8365311999999999,688,-21.301032239999994,5,49536,9024,72.0,24264,455598.875,0.001
0.8355808,692,-21.304851770000006,5,49824,9081,72.0,24408,522317.484375,0.001
0.8346304,696,-21.66351729,5,50112,9132,72.0,24552,401794.375,0.001
0.83368,700,-21.488840809999996,5,50400,9186,72.0,24696,480598.953125,0.001
0.8327296,704,-21.53317082,5,50688,9238,72.0,24840,407488.6328125,0.001
0.8317791999999999,708,-21.775942590000003,5,50976,9293,72.0,24984,450181.8046875,0.001
0.8308288000000001,712,-21.95182108,5,51264,9345,72.0,25128,506254.3515625,0.001
0.8298784,716,-22.13732993,5,51552,9403,72.0,25272,409608.1171875,0.001
0.828928,720,-22.021787700000004,5,51840,9465,72.0,25416,489846.375,0.001
0.8279776,724,-21.941657299999996,5,52128,9518,72.0,25560,569617.875,0.001
0.8270272,728,-22.02474135,5,52416,9572,72.0,25704,386553.359375,0.001
0.8260768,732,-21.945049279999992,5,52704,9629,72.0,25848,612257.765625,0.001
0.8251264,736,-22.186573329999998,5,52992,9683,72.0,25992,610395.96875,0.001
0.824176,740,-22.346495140000002,5,53280,9734,72.0,26136,477229.390625,0.001
0.8232256,744,-22.38032406,5,53568,9783,72.0,26280,564515.953125,0.001
0.8222752,748,-22.485630920000002,5,53856,9840,72.0,26424,414288.6640625,0.001
0.8213248000000001,752,-22.414002359999998,5,54144,9894,72.0,26568,401977.984375,0.001
0.8203744000000001,756,-22.413209709999997,5,54432,9951,72.0,26712,464662.9921875,0.001
0.819424,760,-22.679909010000003,5,54720,10005,72.0,26856,457983.890625,0.001
0.8184736,764,-22.968617799999997,5,55008,10058,72.0,27000,511038.5078125,0.001
0.8175231999999999,768,-22.983955659999996,5,55296,10114,72.0,27144,368901.140625,0.001
0.8165727999999999,772,-22.88256314,5,55584,10168,72.0,27288,537356.203125,0.001
0.8156224000000001,776,-23.162515600000003,5,55872,10222,72.0,27432,394647.4140625,0.001
0.8146720000000001,780,-23.068532020000003,5,56160,10278,72.0,27576,396447.8046875,0.001
0.8137216,784,-23.23109789,5,56448,10328,72.0,27720,404367.8515625,0.001
0.8127712,788,-23.05297269,5,56736,10383,72.0,27864,395214.046875,0.001
0.8118207999999999,792,-23.01202595,5,57024,10448,72.0,28008,430616.4375,0.001
0.8108703999999999,796,-22.8242904,5,57312,10508,72.0,28152,655971.921875,0.001
0.8099200000000001,800,-22.67211623,5,57600,10575,72.0,28296,442338.890625,0.001
0.8089696,804,-22.367683489999994,5,57888,10637,72.0,28440,498006.1796875,0.001
0.8080191999999999,808,-22.486493119999995,5,58176,10697,72.0,28584,584118.3984375,0.001
0.8070687999999999,812,-22.411861280000004,5,58464,10760,72.0,28728,444983.859375,0.001
0.8061183999999999,816,-22.315553490000003,5,58752,10818,72.0,28872,452967.703125,0.001
0.8051680000000001,820,-22.552664379999996,5,59040,10876,72.0,29016,455770.8046875,0.001
0.8042176000000001,824,-22.86602421,5,59328,10937,72.0,29160,483077.9609375,0.001
0.8032672,828,-22.833814039999993,5,59616,10994,72.0,29304,508870.796875,0.001
0.8023167999999999,832,-22.913448389999996,5,59904,11051,72.0,29448,496539.8828125,0.001
0.8013663999999999,836,-23.16110593999999,5,60192,11109,72.0,29592,441540.85546875,0.001
0.800416,840,-23.0432791,5,60480,11167,72.0,29736,492296.9453125,0.001
0.7994656,844,-23.007629959999996,5,60768,11226,72.0,29880,504344.265625,0.001
0.7985152,848,-22.94128587,5,61056,11289,72.0,30024,484720.0078125,0.001
0.7975648,852,-22.956146869999994,5,61344,11351,72.0,30168,459456.4140625,0.001
0.7966144,856,-23.058708090000003,5,61632,11408,72.0,30312,457494.984375,0.001
0.795664,860,-23.038828029999994,5,61920,11467,72.0,30456,462731.078125,0.001
0.7947136,864,-23.154549169999996,5,62208,11533,72.0,30600,692326.265625,0.001
0.7937632,868,-23.52815979,5,62496,11595,72.0,30744,431606.1796875,0.001
0.7928128,872,-23.430110560000003,5,62784,11655,72.0,30888,415202.4609375,0.001
0.7918624,876,-23.462872219999994,5,63072,11710,72.0,31032,567118.78125,0.001
0.7909120000000001,880,-23.45326451,5,63360,11772,72.0,31176,576021.171875,0.001
0.7899616,884,-23.55332691,5,63648,11831,72.0,31320,611268.28125,0.001
0.7890112,888,-23.74972726,5,63936,11891,72.0,31464,587202.28125,0.001
0.7880608,892,-23.7671733,5,64224,11949,72.0,31608,465322.109375,0.001
0.7871104,896,-23.533797099999997,5,64512,12004,72.0,31752,503965.5390625,0.001
0.7861600000000001,900,-23.649939299999996,5,64800,12057,72.0,31896,483264.7421875,0.001
0.7852096000000001,904,-23.67141346,5,65088,12112,72.0,32040,743255.453125,0.001
0.7842592,908,-23.47096435,5,65376,12167,72.0,32184,613574.984375,0.001
0.7833088,912,-23.385861880000004,5,65664,12220,72.0,32328,553423.7265625,0.001
0.7823583999999999,916,-23.581854920000005,5,65952,12271,72.0,32472,597687.21875,0.001
0.7814080000000001,920,-23.469016049999997,5,66240,12323,72.0,32616,510113.0390625,0.001
0.7804575999999999,924,-23.225198580000004,5,66528,12376,72.0,32760,541940.21875,0.001
0.7795072000000001,928,-23.376645170000003,5,66816,12426,72.0,32904,642311.546875,0.001
0.7785568,932,-23.33658578,5,67104,12484,72.0,33048,550049.4375,0.001
0.7776063999999999,936,-23.088866470000006,5,67392,12545,72.0,33192,553436.7109375,0.001
0.776656,940,-22.933274700000002,5,67680,12606,72.0,33336,373651.15625,0.001
0.7757055999999999,944,-22.91125201,5,67968,12660,72.0,33480,543461.1171875,0.001
0.7747552,948,-23.051382939999993,5,68256,12718,72.0,33624,616150.2265625,0.001
0.7738048,952,-23.090487050000007,5,68544,12771,72.0,33768,503970.8203125,0.001
0.7728543999999999,956,-22.975603420000006,5,68832,12822,72.0,33912,683295.484375,0.001
0.7719039999999999,960,-22.803749269999997,5,69120,12880,72.0,34056,524041.953125,0.001
0.7709535999999999,964,-22.51865003,5,69408,12938,72.0,34200,547378.875,0.001
0.7700032000000001,968,-22.17395528,5,69696,12995,72.0,34344,580431.1015625,0.001
0.7690528000000001,972,-22.059255430000004,5,69984,13052,72.0,34488,669154.046875,0.001
0.7681024,976,-22.14256723,5,70272,13105,72.0,34632,518423.2265625,0.001
0.767152,980,-22.340686600000005,5,70560,13160,72.0,34776,463818.5,0.001
0.7662015999999999,984,-21.906130610000005,5,70848,13215,72.0,34920,669126.40625,0.001
0.7652512,988,-21.815090659999996,5,71136,13267,72.0,35064,574045.4453125,0.001
0.7643008,992,-21.899670649999994,5,71424,13325,72.0,35208,582957.59375,0.001
0.7633504,996,-22.267126320000003,5,71712,13378,72.0,35352,499046.03125,0.001
0.7624,1000,-22.645052360000005,5,72000,13436,72.0,35496,820703.21875,0.001
0.7614496,1004,-22.74470536,5,72288,13495,72.0,35640,692782.515625,0.001
0.7604992000000002,1008,-23.136951290000003,5,72576,13550,72.0,35784,624319.828125,0.001
0.7595488,1012,-23.35116333,5,72864,13604,72.0,35928,745580.46875,0.001
0.7585984,1016,-23.468541039999995,5,73152,13654,72.0,36072,715007.640625,0.001
0.757648,1020,-23.517336669999995,5,73440,13712,72.0,36216,677702.828125,0.001
0.7566976,1024,-23.8433761,5,73728,13770,72.0,36360,706290.453125,0.001
0.7557472000000001,1028,-24.015139319999992,5,74016,13827,72.0,36504,697195.3046875,0.001
0.7547968,1032,-24.099661270000002,5,74304,13883,72.0,36648,701073.2734375,0.001
0.7538464,1036,-24.060290890000005,5,74592,13938,72.0,36792,515406.34375,0.001
0.752896,1040,-24.384766620000004,5,74880,13996,72.0,36936,734725.53125,0.001
0.7519456,1044,-24.463631149999998,5,75168,14053,72.0,37080,676759.734375,0.001
0.7509952000000001,1048,-24.612787100000002,5,75456,14104,72.0,37224,679111.4921875,0.001
0.7500447999999998,1052,-24.58342938,5,75744,14164,72.0,37368,781127.84375,0.001
0.7490943999999999,1056,-24.246325800000005,5,76032,14221,72.0,37512,655655.125,0.001
0.748144,1060,-24.221536370000003,5,76320,14276,72.0,37656,794350.3125,0.001
0.7471935999999999,1064,-24.25326254,5,76608,14334,72.0,37800,678359.7734375,0.001
0.7462431999999999,1068,-24.172271789999996,5,76896,14390,72.0,37944,811631.5625,0.001
0.7452927999999999,1072,-24.417403029999996,5,77184,14448,72.0,38088,633371.6796875,0.001
0.7443424000000001,1076,-24.193573689999994,5,77472,14508,72.0,38232,834361.875,0.001
0.743392,1080,-24.12392691,5,77760,14562,72.0,38376,515371.5,0.001
0.7424416,1084,-24.48667703,5,78048,14613,72.0,38520,731649.890625,0.001
0.7414911999999999,1088,-24.55445102,5,78336,14665,72.0,38664,859461.578125,0.001
0.7405408,1092,-24.534675730000004,5,78624,14725,72.0,38808,624673.625,0.001
0.7395904,1096,-24.38966312,5,78912,14781,72.0,38952,714902.1875,0.001
0.73864,1100,-24.101015150000002,5,79200,14835,72.0,39096,579978.828125,0.001
0.7376896,1104,-24.019721829999998,5,79488,14896,72.0,39240,656976.3515625,0.001
0.7367391999999999,1108,-24.059398680000008,5,79776,14951,72.0,39384,504458.84375,0.001
0.7357887999999999,1112,-24.122515580000005,5,80064,15007,72.0,39528,623746.9296875,0.001
0.7348384000000001,1116,-23.75755548,5,80352,15065,72.0,39672,603750.375,0.001
0.7338880000000001,1120,-23.95256732,5,80640,15122,72.0,39816,592353.0234375,0.001
0.7329376,1124,-23.75840423,5,80928,15181,72.0,39960,537180.3046875,0.001
0.7319872,1128,-23.547033399999997,5,81216,15240,72.0,40104,586724.890625,0.001
0.7310367999999999,1132,-23.861026499999998,5,81504,15299,72.0,40248,656474.15625,0.001
0.7300864,1136,-23.86684388,5,81792,15356,72.0,40392,693229.7109375,0.001
0.729136,1140,-23.863733189999998,5,82080,15412,72.0,40536,789720.6875,0.001
0.7281856,1144,-23.962761050000005,5,82368,15469,72.0,40680,508069.30078125,0.001
0.7272352,1148,-23.68580802,5,82656,15525,72.0,40824,666746.0703125,0.001
0.7262848,1152,-23.927037109999997,5,82944,15587,72.0,40968,684737.796875,0.001
0.7253344,1156,-24.29707564,5,83232,15643,72.0,41112,704341.2421875,0.001
0.724384,1160,-24.416386860000003,5,83520,15701,72.0,41256,635290.765625,0.001
0.7234336,1164,-24.614237049999996,5,83808,15753,72.0,41400,694828.3125,0.001
0.7224832,1168,-24.64168432,5,84096,15814,72.0,41544,751658.328125,0.001
0.7215327999999999,1172,-24.26159089,5,84384,15871,72.0,41688,666464.75,0.001
0.7205824000000001,1176,-24.26603,5,84672,15930,72.0,41832,852880.328125,0.001
0.719632,1180,-23.94047323,5,84960,15989,72.0,41976,778248.15625,0.001
0.7186816,1184,-23.9944454,5,85248,16046,72.0,42120,737362.703125,0.001
0.7177312,1188,-24.097382520000007,5,85536,16104,72.0,42264,823272.421875,0.001
0.7167808,1192,-23.84896,5,85824,16161,72.0,42408,728368.375,0.001
0.7158304000000002,1196,-23.93271707,5,86112,16220,72.0,42552,662041.734375,0.001
0.71488,1200,-23.901694340000002,5,86400,16276,72.0,42696,766753.953125,0.001
0.7139296,1204,-23.77042476,5,86688,16330,72.0,42840,817370.109375,0.001
0.7129791999999999,1208,-23.546939109999997,5,86976,16387,72.0,42984,599000.0234375,0.001
0.7120287999999999,1212,-23.318932479999997,5,87264,16444,72.0,43128,899309.25,0.001
0.7110783999999999,1216,-23.52588575999999,5,87552,16504,72.0,43272,549175.375,0.001
0.7101279999999999,1220,-23.171585739999998,5,87840,16560,72.0,43416,649986.859375,0.001
0.7091776000000001,1224,-23.197149780000004,5,88128,16617,72.0,43560,976618.171875,0.001
0.7082272000000001,1228,-23.0023486,5,88416,16672,72.0,43704,878994.453125,0.001
0.7072768,1232,-22.744304619999998,5,88704,16730,72.0,43848,977767.75,0.001
0.7063264,1236,-22.619422099999998,5,88992,16785,72.0,43992,777727.375,0.001
0.7053759999999999,1240,-22.557018940000003,5,89280,16839,72.0,44136,659593.21875,0.001
0.7044256,1244,-22.4875546,5,89568,16894,72.0,44280,646092.25,0.001
0.7034752,1248,-22.66214777,5,89856,16946,72.0,44424,815279.5078125,0.001
0.7025248,1252,-22.69191683,5,90144,17004,72.0,44568,818447.921875,0.001
0.7015743999999999,1256,-22.834599379999997,5,90432,17060,72.0,44712,874652.59375,0.001
0.7006239999999999,1260,-23.172423289999998,5,90720,17117,72.0,44856,724670.0078125,0.001
0.6996736000000001,1264,-23.377653170000002,5,91008,17172,72.0,45000,865714.796875,0.001
0.6987232000000001,1268,-23.628285289999997,5,91296,17230,72.0,45144,664165.5,0.001
0.6977728,1272,-24.096881170000003,5,91584,17285,72.0,45288,692785.7109375,0.001
0.6968224,1276,-24.3717,5,91872,17341,72.0,45432,720895.71875,0.001
0.6958719999999998,1280,-24.704774699999998,5,92160,17396,72.0,45576,620656.3203125,0.001
0.6949216,1284,-24.527989110000004,5,92448,17450,72.0,45720,710816.4140625,0.001
0.6939712,1288,-24.58837898,5,92736,17503,72.0,45864,889827.109375,0.001
0.6930208,1292,-24.993407070000004,5,93024,17560,72.0,46008,760639.890625,0.001
0.6920704,1296,-24.9846599,5,93312,17613,72.0,46152,867899.0625,0.001
0.69112,1300,-25.254928080000003,5,93600,17667,72.0,46296,660431.046875,0.001
0.6901696000000002,1304,-25.65138588,5,93888,17723,72.0,46440,704467.359375,0.001
0.6892192,1308,-25.488303929999997,5,94176,17776,72.0,46584,699494.6953125,0.001
0.6882688,1312,-25.8788319,5,94464,17833,72.0,46728,819403.921875,0.001
0.6873184,1316,-25.96359831,5,94752,17889,72.0,46872,524537.78125,0.001
0.686368,1320,-26.239673249999996,5,95040,17946,72.0,47016,796552.59375,0.001
0.6854176000000001,1324,-25.982397019999997,5,95328,18002,72.0,47160,777872.890625,0.001
0.6844671999999998,1328,-26.115669399999998,5,95616,18060,72.0,47304,871837.484375,0.001
0.6835168,1332,-26.2603503,5,95904,18114,72.0,47448,647863.6875,0.001
0.6825664,1336,-26.363612200000002,5,96192,18170,72.0,47592,698690.25,0.001
0.681616,1340,-26.545610559999997,5,96480,18223,72.0,47736,894946.625,0.001
0.6806656,1344,-26.664816409999993,5,96768,18278,72.0,47880,602172.5859375,0.001
0.6797151999999999,1348,-26.54070637,5,97056,18334,72.0,48024,757566.203125,0.001
0.6787648000000001,1352,-26.184059599999998,5,97344,18389,72.0,48168,707054.96875,0.001
0.6778143999999999,1356,-26.176834649999996,5,97632,18448,72.0,48312,643577.53125,0.001
0.6768639999999999,1360,-25.866588959999998,5,97920,18506,72.0,48456,731908.65625,0.001
0.6759135999999999,1364,-25.46663159,5,98208,18562,72.0,48600,808835.015625,0.001
0.6749631999999999,1368,-25.53988487,5,98496,18613,72.0,48744,614311.359375,0.001
0.6740128000000001,1372,-25.692677419999995,5,98784,18665,72.0,48888,627464.921875,0.001
0.6730624000000001,1376,-25.55429527,5,99072,18721,72.0,49032,674279.609375,0.001
0.672112,1380,-25.3879747,5,99360,18778,72.0,49176,766678.078125,0.001
0.6711616,1384,-25.61049979,5,99648,18832,72.0,49320,679544.984375,0.001
0.6702111999999999,1388,-25.563672790000002,5,99936,18889,72.0,49464,630267.71875,0.001
0.6692608,1392,-25.604601270000007,5,100224,18946,72.0,49608,670000.34375,0.001
0.6683104,1396,-25.79964258,5,100512,19001,72.0,49752,780055.6796875,0.001
0.66736,1400,-26.020157830000006,5,100800,19053,72.0,49896,1050076.5,0.001
0.6664095999999999,1404,-26.148686890000004,5,101088,19107,72.0,50040,499707.6875,0.001
0.6654591999999999,1408,-26.436559570000004,5,101376,19161,72.0,50184,637622.046875,0.001
0.6645088000000001,1412,-26.19736718,5,101664,19219,72.0,50328,890788.21875,0.001
0.6635584,1416,-26.11294238,5,101952,19276,72.0,50472,918450.15625,0.001
0.6626080000000001,1420,-26.226880459999997,5,102240,19333,72.0,50616,685709.515625,0.001
0.6616576,1424,-26.38718424,5,102528,19396,72.0,50760,783283.9375,0.001
0.6607071999999999,1428,-26.077855579999994,5,102816,19458,72.0,50904,977775.75,0.001
0.6597568,1432,-25.803439069999996,5,103104,19519,72.0,51048,664808.796875,0.001
0.6588064,1436,-25.756428449999998,5,103392,19577,72.0,51192,878053.171875,0.001
0.657856,1440,-25.6559071,5,103680,19631,72.0,51336,724965.6875,0.001
0.6569056,1444,-25.5656486,5,103968,19692,72.0,51480,822134.09375,0.001
0.6559552,1448,-25.577006850000004,5,104256,19753,72.0,51624,838854.828125,0.001
0.6550048,1452,-25.686526000000004,5,104544,19812,72.0,51768,800133.2109375,0.001
0.6540544000000001,1456,-25.313409460000003,5,104832,19869,72.0,51912,780860.515625,0.001
0.653104,1460,-25.159439409999994,5,105120,19928,72.0,52056,638156.5625,0.001
0.6521536,1464,-25.179051729999998,5,105408,19981,72.0,52200,739596.3828125,0.001
0.6512031999999999,1468,-25.161567639999998,5,105696,20042,72.0,52344,792247.609375,0.001
0.6502528000000001,1472,-25.044779159999997,5,105984,20100,72.0,52488,741786.609375,0.001
0.6493023999999998,1476,-25.00915175,5,106272,20161,72.0,52632,720632.234375,0.001
0.648352,1480,-25.15330884,5,106560,20218,72.0,52776,712677.3203125,0.001
0.6474016,1484,-24.857975340000007,5,106848,20274,72.0,52920,710038.625,0.001
0.6464512,1488,-24.852065129999993,5,107136,20332,72.0,53064,596916.5625,0.001
0.6455008,1492,-24.85158522,5,107424,20392,72.0,53208,749820.953125,0.001
0.6445504,1496,-24.63024817,5,107712,20452,72.0,53352,788931.390625,0.001
0.6436,1500,-24.182163799999998,5,108000,20512,72.0,53496,965748.984375,0.001
0.6426495999999999,1504,-23.588184359999993,5,108288,20571,72.0,53640,605172.78125,0.001
0.6416991999999999,1508,-23.33742084,5,108576,20634,72.0,53784,815742.96875,0.001
0.6407487999999999,1512,-23.24093089,5,108864,20689,72.0,53928,879622.890625,0.001
0.6397983999999999,1516,-23.268507499999995,5,109152,20744,72.0,54072,822331.4375,0.001
0.6388480000000001,1520,-23.139286650000003,5,109440,20805,72.0,54216,936261.4375,0.001
0.6378976000000001,1524,-23.331266860000007,5,109728,20860,72.0,54360,768869.640625,0.001
0.6369472,1528,-23.692672099999996,5,110016,20916,72.0,54504,640766.0546875,0.001
0.6359967999999999,1532,-23.928968840000003,5,110304,20975,72.0,54648,653900.5546875,0.001
0.6350463999999999,1536,-24.264002129999998,5,110592,21029,72.0,54792,748165.9375,0.001
0.6340960000000001,1540,-24.369304699999997,5,110880,21084,72.0,54936,902199.65625,0.001
0.6331456,1544,-24.425941789999996,5,111168,21145,72.0,55080,876572.921875,0.001
0.6321952,1548,-24.2145282,5,111456,21210,72.0,55224,792117.96875,0.001
0.6312447999999999,1552,-24.11366943,5,111744,21271,72.0,55368,698999.703125,0.001
0.6302943999999999,1556,-24.09837872,5,112032,21333,72.0,55512,790095.671875,0.001
0.6293440000000001,1560,-24.143511980000007,5,112320,21394,72.0,55656,747956.9375,0.001
0.6283936000000001,1564,-24.306381190000003,5,112608,21450,72.0,55800,649734.828125,0.001
0.6274432,1568,-24.20632277,5,112896,21508,72.0,55944,949919.609375,0.001
0.6264928,1572,-24.181115220000002,5,113184,21565,72.0,56088,1017955.15625,0.001
0.6255423999999999,1576,-24.34032911,5,113472,21626,72.0,56232,897050.375,0.001
0.624592,1580,-24.291176139999997,5,113760,21686,72.0,56376,532130.078125,0.001
0.6236416,1584,-24.441614710000003,5,114048,21743,72.0,56520,744917.2734375,0.001
0.6226912,1588,-24.201776159999998,5,114336,21800,72.0,56664,728385.5703125,0.001
0.6217408,1592,-24.147457740000004,5,114624,21860,72.0,56808,876708.140625,0.001
0.6207904,1596,-24.27454127,5,114912,21917,72.0,56952,833625.40625,0.001
0.6198400000000002,1600,-24.158091260000003,5,115200,21979,72.0,57096,871133.8125,0.001
0.6188896,1604,-24.41927791,5,115488,22037,72.0,57240,787959.53125,0.001
0.6179392,1608,-24.846969400000003,5,115776,22093,72.0,57384,723651.578125,0.001
0.6169888,1612,-25.19316552,5,116064,22153,72.0,57528,902399.21875,0.001
0.6160383999999999,1616,-25.494051249999995,5,116352,22209,72.0,57672,718947.7734375,0.001
0.6150880000000001,1620,-25.732926359999997,5,116640,22265,72.0,57816,937685.875,0.001
0.6141375999999998,1624,-25.671068069999997,5,116928,22323,72.0,57960,715298.4375,0.001
0.6131872,1628,-25.721191820000005,5,117216,22382,72.0,58104,1093318.1875,0.001
0.6122368,1632,-25.54823785,5,117504,22438,72.0,58248,816634.734375,0.001
0.6112864,1636,-25.32990512,5,117792,22497,72.0,58392,819013.546875,0.001
0.610336,1640,-25.003463569999997,5,118080,22554,72.0,58536,779054.640625,0.001
0.6093856,1644,-24.741843370000005,5,118368,22615,72.0,58680,997553.125,0.001
0.6084352000000001,1648,-24.787856899999998,5,118656,22676,72.0,58824,931075.21875,0.001
0.6074847999999999,1652,-25.00603003,5,118944,22734,72.0,58968,798304.359375,0.001
0.6065343999999999,1656,-25.176594180000002,5,119232,22795,72.0,59112,699751.359375,0.001
0.6055839999999999,1660,-25.29133597,5,119520,22852,72.0,59256,686743.59375,0.001
0.6046335999999999,1664,-24.989753850000003,5,119808,22911,72.0,59400,658197.546875,0.001
0.6036832000000001,1668,-24.841445780000004,5,120096,22974,72.0,59544,1106252.84375,0.001
0.6027328000000001,1672,-24.629807060000005,5,120384,23034,72.0,59688,1065551.578125,0.001
0.6017823999999999,1676,-24.748189830000005,5,120672,23094,72.0,59832,907684.71875,0.001
0.600832,1680,-24.85687176,5,120960,23152,72.0,59976,942444.609375,0.001
0.5998815999999999,1684,-24.58452957,5,121248,23211,72.0,60120,863145.78125,0.001
0.5989312,1688,-24.668625540000004,5,121536,23273,72.0,60264,1079235.8125,0.001
0.5979808,1692,-24.69925696,5,121824,23333,72.0,60408,1189002.5625,0.001
0.5970304,1696,-24.81167541,5,122112,23393,72.0,60552,1149051.015625,0.001
0.5960799999999999,1700,-25.08198432,5,122400,23457,72.0,60696,913942.875,0.001
0.5951295999999999,1704,-25.30048918,5,122688,23516,72.0,60840,1225515.25,0.001
0.5941792000000001,1708,-24.764708489999993,5,122976,23575,72.0,60984,1267655.125,0.001
0.5932288000000001,1712,-24.430796539999992,5,123264,23636,72.0,61128,1341869.6875,0.001
0.5922784000000001,1716,-24.072676869999995,5,123552,23695,72.0,61272,955491.578125,0.001
0.591328,1720,-24.033301880000003,5,123840,23752,72.0,61416,1040300.578125,0.001
0.5903776,1724,-24.073392099999996,5,124128,23808,72.0,61560,1016219.015625,0.001
0.5894272,1728,-23.74191737,5,124416,23867,72.0,61704,960554.28125,0.001
0.5884768,1732,-23.653324419999993,5,124704,23928,72.0,61848,1274036.140625,0.001
0.5875264,1736,-23.549857619999997,5,124992,23988,72.0,61992,1031403.15625,0.001
0.586576,1740,-23.461662179999998,5,125280,24051,72.0,62136,1218467.515625,0.001
0.5856256,1744,-23.45035445,5,125568,24111,72.0,62280,943210.09375,0.001
0.5846752000000002,1748,-23.38190674000001,5,125856,24171,72.0,62424,1065776.359375,0.001
0.5837247999999999,1752,-23.377779520000004,5,126144,24229,72.0,62568,1380289.90625,0.001
0.5827744000000001,1756,-23.332980200000005,5,126432,24291,72.0,62712,954970.65625,0.001
0.5818239999999999,1760,-23.47307006,5,126720,24350,72.0,62856,950261.59375,0.001
0.5808736,1764,-23.529822820000003,5,127008,24411,72.0,63000,1000438.6875,0.001
0.5799232000000001,1768,-23.436250579999996,5,127296,24473,72.0,63144,1116325.03125,0.001
0.5789727999999998,1772,-23.427696839999996,5,127584,24534,72.0,63288,993677.71875,0.001
0.5780224,1776,-22.80511056,5,127872,24595,72.0,63432,1227972.984375,0.001
0.577072,1780,-23.04133328,5,128160,24654,72.0,63576,1380605.46875,0.001
0.5761216,1784,-23.162683729999994,5,128448,24712,72.0,63720,1147104.703125,0.001
0.5751712,1788,-23.08977134,5,128736,24775,72.0,63864,1103801.15625,0.001
0.5742207999999999,1792,-23.1202165,5,129024,24837,72.0,64008,1251189.03125,0.001
0.5732704000000001,1796,-22.830340539999998,5,129312,24898,72.0,64152,1041532.71875,0.001
0.5723199999999999,1800,-22.839302939999996,5,129600,24961,72.0,64296,1078412.765625,0.001
0.5713695999999999,1804,-22.876679979999995,5,129888,25020,72.0,64440,1239194.1875,0.001
0.5704192000000001,1808,-23.0187113,5,130176,25079,72.0,64584,1290760.546875,0.001
0.5694687999999999,1812,-23.107229429999997,5,130464,25137,72.0,64728,1256633.03125,0.001
0.5685184000000001,1816,-22.949418100000003,5,130752,25193,72.0,64872,1075358.3125,0.001
0.567568,1820,-22.918625740000003,5,131040,25256,72.0,65016,1092918.953125,0.001
0.5666176,1824,-22.898724199999997,5,131328,25313,72.0,65160,1377489.625,0.001
0.5656672,1828,-23.281264900000007,5,131616,25369,72.0,65304,1489391.5625,0.001
0.5647167999999999,1832,-23.460829210000007,5,131904,25431,72.0,65448,1001128.671875,0.001
0.5637664,1836,-23.63177809,5,132192,25493,72.0,65592,1052427.546875,0.001
0.5628160000000001,1840,-23.78191316,5,132480,25555,72.0,65736,1328636.703125,0.001
0.5618656,1844,-23.9801643,5,132768,25613,72.0,65880,1153729.90625,0.001
0.5609152,1848,-24.40607228,5,133056,25673,72.0,66024,1213008.0,0.001
0.5599647999999999,1852,-24.102380969999995,5,133344,25734,72.0,66168,1475511.5625,0.001
0.5590144000000001,1856,-24.480905249999992,5,133632,25793,72.0,66312,1177694.625,0.001
0.5580639999999999,1860,-24.37062731,5,133920,25850,72.0,66456,1022541.5390625,0.001
0.5571136,1864,-24.543263160000002,5,134208,25910,72.0,66600,1036432.609375,0.001
0.5561632,1868,-24.620468720000005,5,134496,25969,72.0,66744,1244518.4375,0.001
0.5552127999999998,1872,-24.61443319,5,134784,26032,72.0,66888,1284390.625,0.001
0.5542624,1876,-24.762355559999996,5,135072,26095,72.0,67032,1358820.296875,0.001
0.5533119999999999,1880,-24.368373140000003,5,135360,26157,72.0,67176,1122505.609375,0.001
0.5523616,1884,-24.340165720000005,5,135648,26218,72.0,67320,1013241.5,0.001
0.5514112,1888,-24.51674004,5,135936,26272,72.0,67464,1185541.21875,0.001
0.5504608,1892,-24.36987408,5,136224,26323,72.0,67608,1492753.625,0.001
0.5495104000000001,1896,-24.74637157,5,136512,26374,72.0,67752,948235.453125,0.001
0.5485599999999999,1900,-24.479097220000007,5,136800,26431,72.0,67896,1211492.75,0.001
0.5476095999999999,1904,-24.32967055,5,137088,26487,72.0,68040,1322235.78125,0.001
0.5466592,1908,-24.38843826,5,137376,26545,72.0,68184,1378626.1875,0.001
0.5457088,1912,-24.491077990000004,5,137664,26599,72.0,68328,1081193.15625,0.001
0.5447584000000001,1916,-24.63188077,5,137952,26655,72.0,68472,970384.90625,0.001
0.5438079999999998,1920,-24.352293579999994,5,138240,26711,72.0,68616,1224510.609375,0.001
0.5428576,1924,-24.73219152,5,138528,26765,72.0,68760,1085399.25,0.001
0.5419072,1928,-24.642629739999997,5,138816,26819,72.0,68904,1229457.375,0.001
0.5409568,1932,-25.053534219999996,5,139104,26870,72.0,69048,1071367.28125,0.001
0.5400064000000001,1936,-25.06727188,5,139392,26929,72.0,69192,1326613.84375,0.001
0.539056,1940,-25.10787966,5,139680,26983,72.0,69336,1030511.96875,0.001
0.5381056000000001,1944,-24.908919500000003,5,139968,27043,72.0,69480,1196701.78125,0.001
0.5371551999999999,1948,-25.242617859999996,5,140256,27097,72.0,69624,1218229.0625,0.001
0.5362047999999999,1952,-25.795378130000003,5,140544,27150,72.0,69768,1141357.0625,0.001
0.5352543999999999,1956,-25.696593859999997,5,140832,27212,72.0,69912,1205642.953125,0.001
0.5343039999999999,1960,-25.34637946999999,5,141120,27271,72.0,70056,1330593.59375,0.001
0.5333536000000001,1964,-25.40209505,5,141408,27333,72.0,70200,1248470.71875,0.001
0.5324032000000001,1968,-25.640739619999994,5,141696,27394,72.0,70344,1116396.59375,0.001
0.5314528000000001,1972,-25.762604409999994,5,141984,27452,72.0,70488,1309444.25,0.001
0.5305023999999999,1976,-25.840640740000005,5,142272,27512,72.0,70632,1340732.921875,0.001
0.5295519999999999,1980,-25.841217189999995,5,142560,27573,72.0,70776,1311859.078125,0.001
0.5286016000000001,1984,-25.691167790000005,5,142848,27633,72.0,70920,1460006.15625,0.001
0.5276511999999998,1988,-25.68929608,5,143136,27696,72.0,71064,1337377.75,0.001
0.5267008,1992,-25.780978339999997,5,143424,27760,72.0,71208,1478464.625,0.001
0.5257504,1996,-25.47450874,5,143712,27819,72.0,71352,1324068.375,0.001
0.5247999999999999,2000,-25.475421009999994,5,144000,27884,72.0,71496,1207581.46875,0.001
0.5238496000000001,2004,-25.533560190000003,5,144288,27947,72.0,71640,1381405.5,0.001
0.5228991999999999,2008,-25.59489549,5,144576,28002,72.0,71784,1114256.5,0.001
0.5219488,2012,-25.229903919999998,5,144864,28068,72.0,71928,1152415.84375,0.001
0.5209984000000001,2016,-24.97468061,5,145152,28130,72.0,72072,1487776.4375,0.001
0.5200479999999998,2020,-24.80378557,5,145440,28189,72.0,72216,1296934.421875,0.001
0.5190976,2024,-24.179035740000003,5,145728,28250,72.0,72360,1321131.40625,0.001
0.5181471999999998,2028,-24.31063999,5,146016,28309,72.0,72504,1505198.5,0.001
0.5171968,2032,-23.80007565,5,146304,28373,72.0,72648,1180614.28125,0.001
0.5162464,2036,-23.57396762000001,5,146592,28436,72.0,72792,1457361.0625,0.001
0.515296,2040,-23.891969180000004,5,146880,28496,72.0,72936,1351415.53125,0.001
0.5143456000000002,2044,-24.617703300000002,5,147168,28553,72.0,73080,1611394.6875,0.001
0.5133951999999999,2048,-24.401133790000003,5,147456,28610,72.0,73224,1610688.1875,0.001
0.5124448,2052,-24.11746298,5,147744,28671,72.0,73368,1380239.5,0.001
0.5114944,2056,-23.90240884,5,148032,28733,72.0,73512,1711277.53125,0.001
0.5105439999999999,2060,-24.03851794,5,148320,28795,72.0,73656,1814590.53125,0.001
0.5095936000000001,2064,-23.7960076,5,148608,28858,72.0,73800,1469254.125,0.001
0.5086431999999999,2068,-23.973076619999997,5,148896,28916,72.0,73944,1494341.03125,0.001
0.5076928,2072,-24.020383659999997,5,149184,28980,72.0,74088,1706687.1875,0.001
0.5067424,2076,-24.341325930000004,5,149472,29040,72.0,74232,1368319.375,0.001
0.5057919999999999,2080,-24.658282230000005,5,149760,29099,72.0,74376,1272758.109375,0.001
0.5048416000000001,2084,-25.039382090000004,5,150048,29160,72.0,74520,1620700.75,0.001
0.5038912,2088,-24.819866060000003,5,150336,29220,72.0,74664,2060099.59375,0.001
0.5029408,2092,-24.806569279999998,5,150624,29279,72.0,74808,1347980.109375,0.001
0.5019904,2096,-24.864647400000003,5,150912,29344,72.0,74952,1790884.21875,0.001
0.50104,2100,-25.1225922,5,151200,29407,72.0,75096,1753946.34375,0.001
0.5000895999999999,2104,-25.11837685,5,151488,29465,72.0,75240,1920029.9375,0.001
0.4991391999999999,2108,-25.16226847,5,151776,29522,72.0,75384,1914045.75,0.001
0.4981888,2112,-25.52382422,5,152064,29586,72.0,75528,1928950.375,0.001
0.49723839999999997,2116,-25.814528549999995,5,152352,29649,72.0,75672,1714033.21875,0.001
0.49628800000000006,2120,-25.88042301,5,152640,29709,72.0,75816,1781021.0625,0.001
0.49533759999999993,2124,-25.94393615,5,152928,29770,72.0,75960,1580524.125,0.001
0.4943871999999999,2128,-25.724028570000005,5,153216,29829,72.0,76104,1471140.046875,0.001
0.4934368,2132,-25.66998968,5,153504,29887,72.0,76248,1876412.15625,0.001
0.4924863999999999,2136,-25.69690111,5,153792,29952,72.0,76392,1403033.953125,0.001
0.491536,2140,-25.35179154,5,154080,30013,72.0,76536,1497278.3125,0.001
0.49058559999999996,2144,-24.939527339999994,5,154368,30074,72.0,76680,1397705.625,0.001
0.48963519999999994,2148,-24.63606233,5,154656,30138,72.0,76824,1681861.46875,0.001
0.48868480000000014,2152,-24.950658509999997,5,154944,30197,72.0,76968,1518146.875,0.001
0.4877343999999998,2156,-25.313230750000002,5,155232,30258,72.0,77112,1845471.375,0.001
0.486784,2160,-25.47912761,5,155520,30313,72.0,77256,1701412.625,0.001
0.4858336,2164,-25.72500795000001,5,155808,30370,72.0,77400,1988009.5,0.001
0.48488319999999996,2168,-25.4754538,5,156096,30426,72.0,77544,1526147.90625,0.001
0.48393280000000016,2172,-25.395980159999993,5,156384,30486,72.0,77688,1442483.75,0.001
0.4829823999999998,2176,-25.179763709999996,5,156672,30547,72.0,77832,1755587.21875,0.001
0.482032,2180,-25.059077069999997,5,156960,30610,72.0,77976,1727745.6875,0.001
0.4810816,2184,-24.940440299999995,5,157248,30670,72.0,78120,1486709.28125,0.001
0.4801312,2188,-25.15735793,5,157536,30732,72.0,78264,1869436.96875,0.001
0.4791808000000001,2192,-24.95319426,5,157824,30793,72.0,78408,1435881.75,0.001
0.47823039999999983,2196,-24.71589252,5,158112,30857,72.0,78552,1617655.5625,0.001
0.47728000000000004,2200,-24.859262639999997,5,158400,30914,72.0,78696,1668133.90625,0.001
0.4763296,2204,-24.41017044,5,158688,30983,72.0,78840,1578679.09375,0.001
0.4753791999999999,2208,-24.099137839999997,5,158976,31043,72.0,78984,1548983.4375,0.001
0.4744288000000001,2212,-23.958387939999998,5,159264,31108,72.0,79128,1622471.5,0.001
0.47347839999999985,2216,-24.011944029999995,5,159552,31169,72.0,79272,1576137.78125,0.001
0.47252800000000006,2220,-24.320354420000005,5,159840,31233,72.0,79416,1376975.84375,0.001
0.47157760000000004,2224,-24.386496240000007,5,160128,31294,72.0,79560,1921616.09375,0.001
0.4706271999999999,2228,-24.50646731,5,160416,31357,72.0,79704,1636768.15625,0.001
0.4696767999999999,2232,-24.373496250000002,5,160704,31424,72.0,79848,1668164.46875,0.001
0.4687264,2236,-24.383383399999992,5,160992,31488,72.0,79992,1516315.96875,0.001
0.4677760000000001,2240,-24.356996540000004,5,161280,31550,72.0,80136,1471899.96875,0.001
0.46682560000000006,2244,-24.171165030000008,5,161568,31612,72.0,80280,1475599.25,0.001
0.46587519999999993,2248,-24.16437617,5,161856,31678,72.0,80424,1767144.375,0.001
0.4649247999999999,2252,-23.97969748,5,162144,31741,72.0,80568,1768480.65625,0.001
0.4639743999999999,2256,-23.86188152,5,162432,31799,72.0,80712,2039139.84375,0.001
0.463024,2260,-23.749844970000005,5,162720,31861,72.0,80856,1503608.125,0.001
0.4620736000000001,2264,-23.408076569999995,5,163008,31929,72.0,81000,1385574.65625,0.001
0.46112319999999996,2268,-23.45014882000001,5,163296,31992,72.0,81144,1625999.078125,0.001
0.46017279999999994,2272,-23.51290897,5,163584,32053,72.0,81288,1734436.84375,0.001
0.4592223999999999,2276,-23.48672791,5,163872,32115,72.0,81432,2094677.15625,0.001
0.458272,2280,-23.346677090000004,5,164160,32174,72.0,81576,1651826.875,0.001
0.4573215999999999,2284,-23.52512228,5,164448,32233,72.0,81720,1505740.34375,0.001
0.4563712000000001,2288,-23.283760419999993,5,164736,32297,72.0,81864,1758371.40625,0.001
0.45542079999999996,2292,-23.09453294,5,165024,32368,72.0,82008,1957598.1875,0.001
0.45447039999999994,2296,-23.14699363999999,5,165312,32434,72.0,82152,1600731.34375,0.001
0.45352000000000003,2300,-23.04783257,5,165600,32495,72.0,82296,1990192.28125,0.001
0.4525695999999999,2304,-23.436093600000003,5,165888,32557,72.0,82440,1699398.1875,0.001
0.4516192,2308,-23.58334605,5,166176,32623,72.0,82584,2040606.53125,0.001
0.4506688,2312,-23.38641421,5,166464,32687,72.0,82728,1720307.5,0.001
0.44971839999999996,2316,-23.76280538,5,166752,32748,72.0,82872,1321042.953125,0.001
0.44876800000000006,2320,-23.738378559999997,5,167040,32808,72.0,83016,1335410.65625,0.001
0.4478175999999998,2324,-24.182571719999995,5,167328,32866,72.0,83160,1617486.59375,0.001
0.4468672,2328,-24.07941781,5,167616,32932,72.0,83304,1607105.78125,0.001
0.4459168,2332,-23.9930148,5,167904,32992,72.0,83448,1678672.25,0.001
0.4449664,2336,-24.035788169999993,5,168192,33058,72.0,83592,1527364.0625,0.001
0.4440160000000002,2340,-24.083387179999995,5,168480,33119,72.0,83736,1884826.8125,0.001
0.44306559999999984,2344,-24.270551140000002,5,168768,33181,72.0,83880,1953287.09375,0.001
0.44211520000000004,2348,-24.26532655,5,169056,33247,72.0,84024,1714447.75,0.001
0.4411647999999999,2352,-23.83903862,5,169344,33310,72.0,84168,2245161.0625,0.001
0.4402144,2356,-23.409612940000006,5,169632,33373,72.0,84312,2052100.875,0.001
0.4392640000000001,2360,-23.546283880000004,5,169920,33432,72.0,84456,2185643.65625,0.001
0.43831359999999986,2364,-24.121327759999996,5,170208,33490,72.0,84600,2319683.96875,0.001
0.43736320000000006,2368,-24.378781159999996,5,170496,33546,72.0,84744,1659937.09375,0.001
0.43641279999999993,2372,-24.459926440000007,5,170784,33609,72.0,84888,1842837.625,0.001
0.4354623999999999,2376,-24.36685967,5,171072,33672,72.0,85032,1859749.375,0.001
0.434512,2380,-24.062487259999997,5,171360,33741,72.0,85176,1989292.21875,0.001
0.4335615999999999,2384,-23.65005786,5,171648,33805,72.0,85320,2068959.875,0.001
0.4326112000000001,2388,-23.7477959,5,171936,33867,72.0,85464,1950890.6875,0.001
0.43166080000000007,2392,-23.814102400000003,5,172224,33929,72.0,85608,1495894.78125,0.001
0.43071039999999994,2396,-24.07193958,5,172512,33993,72.0,85752,1696882.65625,0.001
0.4297599999999999,2400,-23.813566579999996,5,172800,34061,72.0,85896,2066460.875,0.001
0.4288095999999999,2404,-23.47315395,5,173088,34130,72.0,86040,2077780.25,0.001
0.4278592000000001,2408,-23.49460779,5,173376,34198,72.0,86184,1918382.9375,0.001
0.42690879999999987,2412,-23.559310840000002,5,173664,34266,72.0,86328,1970983.8125,0.001
0.42595839999999996,2416,-23.254261800000005,5,173952,34326,72.0,86472,2262196.5,0.001
0.42500799999999994,2420,-23.138003380000004,5,174240,34388,72.0,86616,2146400.25,0.001
0.4240575999999999,2424,-22.509640370000007,5,174528,34451,72.0,86760,1845344.9375,0.001
0.4231072,2428,-22.427522199999995,5,174816,34519,72.0,86904,1954098.90625,0.001
0.4221567999999999,2432,-22.999183520000006,5,175104,34582,72.0,87048,1916205.75,0.001
0.4212064,2436,-23.223736600000002,5,175392,34644,72.0,87192,2302289.125,0.001
0.42025599999999996,2440,-23.370687980000003,5,175680,34709,72.0,87336,1970843.09375,0.001
0.41930559999999995,2444,-23.075604999999996,5,175968,34775,72.0,87480,2173347.0625,0.001
0.41835520000000004,2448,-22.91798575,5,176256,34849,72.0,87624,1676313.71875,0.001
0.4174047999999999,2452,-22.98503851,5,176544,34911,72.0,87768,2412344.96875,0.001
0.4164544,2456,-22.985998299999995,5,176832,34972,72.0,87912,1881025.0625,0.001
0.415504,2460,-23.05824903,5,177120,35032,72.0,88056,2510950.625,0.001
0.41455359999999997,2464,-23.20375138,5,177408,35089,72.0,88200,2326093.0,0.001
0.41360320000000006,2468,-23.10958431,5,177696,35152,72.0,88344,2287257.15625,0.001
0.41265279999999993,2472,-23.157129510000004,5,177984,35213,72.0,88488,2301858.125,0.001
0.4117024,2476,-23.210630190000003,5,178272,35279,72.0,88632,2647439.4375,0.001
0.410752,2480,-23.30458509,5,178560,35347,72.0,88776,2612688.1875,0.001
0.4098016,2484,-23.259573090000004,5,178848,35417,72.0,88920,2801849.1875,0.001
0.4088512000000001,2488,-23.123850170000004,5,179136,35475,72.0,89064,2720323.71875,0.001
0.40790079999999984,2492,-23.339301170000002,5,179424,35538,72.0,89208,2620526.59375,0.001
0.40695040000000005,2496,-23.214586650000005,5,179712,35603,72.0,89352,2230019.71875,0.001
0.406,2500,-23.19133412,5,180000,35666,72.0,89496,2871141.5,0.001
0.4050496,2504,-23.20986012,5,180288,35731,72.0,89640,2360923.53125,0.001
0.4040992000000001,2508,-23.45749235,5,180576,35793,72.0,89784,2656159.8125,0.001
0.40314879999999986,2512,-23.86097864,5,180864,35856,72.0,89928,2351706.84375,0.001
0.40219840000000007,2516,-24.084116230000003,5,181152,35914,72.0,90072,2963578.875,0.001
0.40124799999999994,2520,-24.182591940000002,5,181440,35977,72.0,90216,2275514.8125,0.001
0.40029760000000003,2524,-24.478669749999995,5,181728,36039,72.0,90360,2605433.28125,0.001
0.3993472,2528,-24.71086452,5,182016,36109,72.0,90504,2568203.75,0.001
0.3983967999999999,2532,-24.64169615,5,182304,36171,72.0,90648,2763038.3125,0.001
0.3974464000000001,2536,-24.600982050000006,5,182592,36235,72.0,90792,2474605.9375,0.001
0.39649599999999996,2540,-24.51596496,5,182880,36297,72.0,90936,2648912.4375,0.001
0.39554559999999994,2544,-24.672256819999994,5,183168,36361,72.0,91080,2851772.6875,0.001
0.39459520000000003,2548,-24.956603979999997,5,183456,36423,72.0,91224,2804460.375,0.001
0.3936447999999999,2552,-24.819795970000005,5,183744,36490,72.0,91368,2971934.25,0.001
0.3926944000000001,2556,-24.78800029,5,184032,36551,72.0,91512,2583369.125,0.001
0.39174399999999976,2560,-24.53171981,5,184320,36614,72.0,91656,2586910.65625,0.001
0.39079359999999996,2564,-24.320907769999998,5,184608,36672,72.0,91800,2399585.375,0.001
0.38984319999999995,2568,-23.99201051,5,184896,36736,72.0,91944,2571395.125,0.001
0.3888927999999999,2572,-23.800213940000006,5,185184,36804,72.0,92088,2913237.0625,0.001
0.38794240000000013,2576,-23.876260820000002,5,185472,36868,72.0,92232,2457877.15625,0.001
0.3869919999999999,2580,-24.035916979999996,5,185760,36931,72.0,92376,2864649.9375,0.001
0.3860416,2584,-24.081685100000005,5,186048,36994,72.0,92520,3100867.65625,0.001
0.38509119999999997,2588,-24.041333169999998,5,186336,37057,72.0,92664,2803462.125,0.001
0.38414079999999995,2592,-24.332808029999992,5,186624,37119,72.0,92808,2617052.625,0.001
0.38319040000000004,2596,-24.64893215,5,186912,37178,72.0,92952,2970228.875,0.001
0.3822399999999999,2600,-24.97262037,5,187200,37241,72.0,93096,2774764.375,0.001
0.3812896,2604,-25.13606084,5,187488,37304,72.0,93240,3440953.75,0.001
0.3803392,2608,-25.082247969999997,5,187776,37365,72.0,93384,3065865.25,0.001
0.37938879999999986,2612,-25.162301579999998,5,188064,37427,72.0,93528,2680666.625,0.001
0.37843840000000006,2616,-24.84700354,5,188352,37493,72.0,93672,2676472.84375,0.001
0.37748799999999993,2620,-24.95674807,5,188640,37554,72.0,93816,2237986.0,0.001
0.37653760000000003,2624,-25.05281664,5,188928,37615,72.0,93960,2733299.125,0.001
0.3755872,2628,-25.009903540000003,5,189216,37682,72.0,94104,2469338.0625,0.001
0.3746368,2632,-25.049488779999994,5,189504,37747,72.0,94248,3142348.1875,0.001
0.3736864000000001,2636,-25.108789589999997,5,189792,37808,72.0,94392,2885430.375,0.001
0.37273599999999996,2640,-25.226320600000008,5,190080,37873,72.0,94536,2671178.3125,0.001
0.37178560000000005,2644,-25.181541699999997,5,190368,37933,72.0,94680,2728813.125,0.001
0.37083520000000003,2648,-25.18628881,5,190656,37995,72.0,94824,3187377.3125,0.001
0.3698848,2652,-25.206914020000003,5,190944,38059,72.0,94968,2276379.65625,0.001
0.3689343999999999,2656,-25.6143384,5,191232,38125,72.0,95112,2071731.6875,0.001
0.36798399999999987,2660,-25.63281191,5,191520,38188,72.0,95256,2301824.03125,0.001
0.36703359999999996,2664,-25.342062750000004,5,191808,38256,72.0,95400,2544494.8125,0.001
0.36608320000000005,2668,-25.623148419999996,5,192096,38314,72.0,95544,2643828.8125,0.001
0.36513280000000004,2672,-25.54220584,5,192384,38383,72.0,95688,2713245.65625,0.001
0.3641823999999999,2676,-25.49153873,5,192672,38448,72.0,95832,2590409.4375,0.001
0.3632319999999999,2680,-25.489729230000002,5,192960,38516,72.0,95976,2683979.125,0.001
0.3622816000000001,2684,-25.97512795,5,193248,38573,72.0,96120,2555946.1875,0.001
0.36133119999999985,2688,-26.450629509999995,5,193536,38635,72.0,96264,2766681.9375,0.001
0.36038080000000006,2692,-26.14609231,5,193824,38699,72.0,96408,2349274.15625,0.001
0.3594303999999999,2696,-25.760421769999994,5,194112,38760,72.0,96552,2266210.96875,0.001
0.3584799999999999,2700,-25.305801349999996,5,194400,38828,72.0,96696,1841208.46875,0.001
0.3575296000000001,2704,-24.988761460000006,5,194688,38889,72.0,96840,2371223.75,0.001
0.3565791999999999,2708,-24.578324170000002,5,194976,38955,72.0,96984,2340825.3125,0.001
0.35562879999999997,2712,-24.152035960000003,5,195264,39016,72.0,97128,2551239.84375,0.001
0.35467839999999995,2716,-23.941565210000004,5,195552,39080,72.0,97272,2454273.1875,0.001
0.35372799999999993,2720,-23.634593130000006,5,195840,39145,72.0,97416,2524509.4375,0.001
0.35277760000000014,2724,-23.327735940000007,5,196128,39214,72.0,97560,2472515.6875,0.001
0.3518271999999998,2728,-22.95169277,5,196416,39278,72.0,97704,2406784.0,0.001
0.3508768,2732,-22.838557489999992,4,196704,39344,72.0,97848,2276944.3125,0.001
0.34992639999999997,2736,-22.784785249999995,4,196992,39408,72.0,97992,3058711.5,0.001
0.34897599999999995,2740,-22.805497500000005,4,197280,39468,72.0,98136,2162045.5625,0.001
0.34802560000000016,2744,-22.805409640000004,4,197568,39533,72.0,98280,2193834.53125,0.001
0.3470751999999998,2748,-22.985641519999998,4,197856,39597,72.0,98424,2430582.5625,0.001
0.3461248,2752,-23.30228747,4,198144,39664,72.0,98568,2326318.28125,0.001
0.3451744,2756,-23.416084659999996,4,198432,39725,72.0,98712,2388363.75,0.001
0.344224,2760,-23.36981100999999,4,198720,39788,72.0,98856,2575304.5,0.001
0.34327360000000007,2764,-23.39994487,4,199008,39851,72.0,99000,2186921.71875,0.001
0.34232319999999994,2768,-23.229522439999997,4,199296,39918,72.0,99144,2451130.78125,0.001
0.34137280000000003,2772,-23.447534169999997,4,199584,39981,72.0,99288,2794794.1875,0.001
0.3404224,2776,-23.506238850000003,4,199872,40045,72.0,99432,2373848.875,0.001
0.3394719999999999,2780,-23.530202770000002,4,200160,40110,72.0,99576,2566739.53125,0.001
0.3385216000000001,2784,-22.963624369999998,4,200448,40185,72.0,99720,1750803.53125,0.001
0.33757119999999996,2788,-22.69238267,4,200736,40257,72.0,99864,2722718.25,0.001
0.33662080000000005,2792,-23.14287682,4,201024,40317,72.0,100008,2640457.0625,0.001
0.33567040000000004,2796,-23.439635459999998,4,201312,40380,72.0,100152,2221700.0625,0.001
0.3347199999999999,2800,-24.063718460000004,4,201600,40443,72.0,100296,1817311.25,0.001
0.3337695999999999,2804,-24.881645789999997,4,201888,40505,72.0,100440,2357498.125,0.001
0.3328192,2808,-25.256731610000003,4,202176,40563,72.0,100584,2384229.40625,0.001
0.3318688000000001,2812,-25.267291800000002,4,202464,40630,72.0,100728,1833605.34375,0.001
0.33091840000000006,2816,-25.352836220000004,4,202752,40695,72.0,100872,2206806.25,0.001
0.32996800000000004,2820,-25.815625870000005,4,203040,40756,72.0,101016,2328825.625,0.001
0.3290175999999999,2824,-25.86384545,4,203328,40827,72.0,101160,1669402.15625,0.001
0.3280671999999999,2828,-26.120044320000005,4,203616,40895,72.0,101304,2013790.9375,0.001
0.3271168,2832,-25.98451327,4,203904,40963,72.0,101448,2230685.375,0.001
0.32616639999999986,2836,-25.91774084,4,204192,41028,72.0,101592,1894741.71875,0.001
0.32521600000000006,2840,-26.037625589999998,4,204480,41091,72.0,101736,1580673.15625,0.001
0.32426559999999993,2844,-25.823525999999998,4,204768,41154,72.0,101880,1808875.40625,0.001
0.3233151999999999,2848,-25.910355380000002,4,205056,41220,72.0,102024,1591392.03125,0.001
0.3223648,2852,-26.03716808,4,205344,41285,72.0,102168,2546626.6875,0.001
0.3214143999999999,2856,-25.79884587,4,205632,41348,72.0,102312,2119380.46875,0.001
0.3204640000000001,2860,-26.160534069999997,4,205920,41410,72.0,102456,2055008.8125,0.001
0.31951359999999995,2864,-26.617351980000002,4,206208,41470,72.0,102600,1751078.15625,0.001
0.31856319999999994,2868,-26.860968430000003,4,206496,41531,72.0,102744,2228823.375,0.001
0.31761280000000014,2872,-26.836483039999997,4,206784,41601,72.0,102888,1547509.5,0.001
0.3166623999999999,2876,-26.990927330000005,4,207072,41671,72.0,103032,2124608.90625,0.001
0.315712,2880,-27.37102607,4,207360,41737,72.0,103176,1700348.78125,0.001
0.3147616,2884,-27.460373160000003,4,207648,41804,72.0,103320,1513164.0,0.001
0.31381119999999996,2888,-27.442714900000006,4,207936,41869,72.0,103464,1772288.09375,0.001
0.31286080000000016,2892,-27.033264150000004,4,208224,41933,72.0,103608,1547647.71875,0.001
0.3119103999999998,2896,-26.85388024,4,208512,41997,72.0,103752,2053970.3125,0.001
0.31096,2900,-26.517790509999994,4,208800,42065,72.0,103896,1665813.3125,0.001
0.3100096,2904,-26.004917610000003,4,209088,42132,72.0,104040,1686273.25,0.001
0.3090592,2908,-25.997114020000005,4,209376,42195,72.0,104184,1880744.25,0.001
0.3081088000000002,2912,-26.113373810000002,4,209664,42258,72.0,104328,1913637.34375,0.001
0.30715839999999983,2916,-26.292633130000002,4,209952,42319,72.0,104472,1594890.875,0.001
0.30620800000000004,2920,-26.17787691,4,210240,42382,72.0,104616,1927056.5625,0.001
0.3052576,2924,-26.32324298,4,210528,42448,72.0,104760,2046238.34375,0.001
0.3043072,2928,-26.61749263,4,210816,42515,72.0,104904,1924924.0,0.001
0.3033568,2932,-26.599258079999995,4,211104,42576,72.0,105048,1468632.296875,0.001
0.30240639999999985,2936,-26.43420023,4,211392,42641,72.0,105192,2072395.09375,0.001
0.30145600000000006,2940,-26.363008090000005,4,211680,42708,72.0,105336,1641458.875,0.001
0.30050560000000004,2944,-26.956736770000003,4,211968,42772,72.0,105480,1331223.46875,0.001
0.2995551999999999,2948,-26.802351899999998,4,212256,42838,72.0,105624,2247928.84375,0.001
0.2986048,2952,-26.958956750000002,4,212544,42900,72.0,105768,2235196.59375,0.001
0.2976543999999999,2956,-26.949897140000004,4,212832,42968,72.0,105912,1861857.25,0.001
0.2967040000000001,2960,-26.97710275,4,213120,43031,72.0,106056,1958699.46875,0.001
0.29575360000000006,2964,-26.738070190000002,4,213408,43096,72.0,106200,2095210.65625,0.001
0.29480319999999993,2968,-26.757409559999996,4,213696,43160,72.0,106344,2041454.03125,0.001
0.2938527999999999,2972,-26.841945110000005,4,213984,43225,72.0,106488,1879197.8125,0.001
0.2929024,2976,-26.58237067,4,214272,43288,72.0,106632,1804461.5,0.001
0.2919520000000001,2980,-26.0913043,4,214560,43354,72.0,106776,1702221.25,0.001
0.29100159999999986,2984,-26.249842799999996,4,214848,43420,72.0,106920,1809440.375,0.001
0.29005119999999995,2988,-26.02540282,4,215136,43482,72.0,107064,1720932.21875,0.001
0.28910079999999994,2992,-26.409564620000005,4,215424,43544,72.0,107208,1622300.78125,0.001
0.2881503999999999,2996,-26.859635429999997,4,215712,43607,72.0,107352,1972923.09375,0.001
0.2872,3000,-27.16734316,4,216000,43669,72.0,107496,2024741.53125,0.001
0.2862495999999999,3004,-27.25497613,4,216288,43736,72.0,107640,1718280.0,0.001
0.2852992,3008,-27.18852271,4,216576,43806,72.0,107784,1761449.28125,0.001
0.28434879999999996,3012,-27.430009410000004,4,216864,43871,72.0,107928,1846770.6875,0.001
0.28339839999999994,3016,-27.28126683,4,217152,43934,72.0,108072,1868054.96875,0.001
0.28244800000000003,3020,-27.427739539999997,4,217440,43998,72.0,108216,1653784.84375,0.001
0.2814975999999999,3024,-27.75572764,4,217728,44062,72.0,108360,1502527.875,0.001
0.2805472000000001,3028,-27.531318119999995,4,218016,44127,72.0,108504,1346337.890625,0.001
0.2795968,3032,-27.828678250000003,4,218304,44199,72.0,108648,1335595.84375,0.001
0.27864639999999996,3036,-27.68398614,4,218592,44273,72.0,108792,1432024.984375,0.001
0.27769600000000005,3040,-27.56602619,4,218880,44347,72.0,108936,1399887.421875,0.001
0.2767455999999999,3044,-27.358370350000005,4,219168,44415,72.0,109080,1618967.15625,0.001
0.2757952,3048,-27.393516039999998,4,219456,44478,72.0,109224,1330051.90625,0.001
0.2748448,3052,-27.194091619999995,4,219744,44549,72.0,109368,1100125.546875,0.001
0.2738944,3056,-27.51556987,4,220032,44619,72.0,109512,1465486.0625,0.001
0.2729440000000001,3060,-27.05554876,4,220320,44691,72.0,109656,1487177.21875,0.001
0.27199359999999984,3064,-26.97809158,4,220608,44760,72.0,109800,1464623.59375,0.001
0.27104320000000004,3068,-27.167256860000006,4,220896,44825,72.0,109944,1432006.34375,0.001
0.2700928,3072,-27.25049707,4,221184,44893,72.0,110088,1435436.15625,0.001
0.2691424,3076,-27.52807696,4,221472,44969,72.0,110232,1531965.21875,0.001
0.268192,3080,-27.539695570000003,4,221760,45039,72.0,110376,1425689.59375,0.001
0.26724159999999986,3084,-27.641245459999997,4,222048,45110,72.0,110520,1133727.859375,0.001
0.26629120000000006,3088,-28.119731069999997,4,222336,45180,72.0,110664,1500801.890625,0.001
0.26534079999999993,3092,-27.54294932,4,222624,45250,72.0,110808,1556029.9375,0.001
0.2643904,3096,-27.07755386,4,222912,45324,72.0,110952,1311596.5,0.001
0.26344,3100,-26.75767995,4,223200,45395,72.0,111096,1302939.6875,0.001
0.2624895999999999,3104,-27.012792450000003,4,223488,45466,72.0,111240,1024356.15625,0.001
0.2615392000000001,3108,-27.173594270000002,4,223776,45536,72.0,111384,990672.46875,0.001
0.26058879999999984,3112,-27.357550599999996,4,224064,45604,72.0,111528,1191243.96875,0.001
0.25963839999999994,3116,-27.72812521,4,224352,45676,72.0,111672,1205080.171875,0.001
0.25868800000000003,3120,-27.385452480000005,4,224640,45749,72.0,111816,1248150.15625,0.001
0.2577375999999999,3124,-27.593988259999996,4,224928,45812,72.0,111960,1274996.9375,0.001
0.2567872000000001,3128,-27.362222340000002,4,225216,45876,72.0,112104,1093865.171875,0.001
0.25583679999999986,3132,-26.90738808,4,225504,45935,72.0,112248,1243978.5625,0.001
0.25488639999999996,3136,-27.257704760000003,4,225792,46008,72.0,112392,1341677.65625,0.001
0.25393599999999994,3140,-27.404967119999995,4,226080,46075,72.0,112536,1156590.609375,0.001
0.2529855999999999,3144,-27.346118470000008,4,226368,46141,72.0,112680,1117050.796875,0.001
0.2520352000000001,3148,-27.01523257,4,226656,46214,72.0,112824,1118283.3125,0.001
0.2510847999999999,3152,-26.93437747,4,226944,46278,72.0,112968,1105667.796875,0.001
0.2501344,3156,-26.82045507,4,227232,46347,72.0,113112,1004968.90625,0.001
0.24918399999999996,3160,-27.0046097,4,227520,46419,72.0,113256,1080713.359375,0.001
0.24823359999999994,3164,-27.08109343,4,227808,46486,72.0,113400,818311.28125,0.001
0.24728320000000004,3168,-26.924583189999993,4,228096,46554,72.0,113544,937148.484375,0.001
0.2463327999999999,3172,-26.955442420000004,4,228384,46627,72.0,113688,1069805.015625,0.001
0.2453824,3176,-26.619585810000004,4,228672,46694,72.0,113832,947298.671875,0.001
0.24443199999999998,3180,-26.87402436,4,228960,46763,72.0,113976,988496.578125,0.001
0.24348159999999996,3184,-26.786693259999996,4,229248,46831,72.0,114120,770185.453125,0.001
0.24253120000000006,3188,-26.886388460000006,4,229536,46897,72.0,114264,779317.0,0.001
0.24158079999999993,3192,-27.36461396,4,229824,46972,72.0,114408,781460.328125,0.001
0.24063040000000002,3196,-27.55468073,4,230112,47044,72.0,114552,879811.4375,0.001
0.23968,3200,-27.696481549999998,4,230400,47111,72.0,114696,733518.6484375,0.001
0.2387296,3204,-27.35897376000001,4,230688,47182,72.0,114840,785411.03125,0.001
0.23777920000000008,3208,-27.18866742,4,230976,47257,72.0,114984,633384.078125,0.001
0.23682879999999995,3212,-26.754322889999994,4,231264,47332,72.0,115128,717096.953125,0.001
0.23587840000000004,3216,-26.342911049999998,4,231552,47400,72.0,115272,663040.71875,0.001
0.23492800000000003,3220,-26.54332092,4,231840,47472,72.0,115416,671379.015625,0.001
0.2339776,3224,-26.2274359,4,232128,47538,72.0,115560,673756.0390625,0.001
0.23302719999999988,3228,-26.772841640000006,4,232416,47604,72.0,115704,614388.953125,0.001
0.23207679999999986,3232,-27.329156550000004,4,232704,47671,72.0,115848,743011.234375,0.001
0.23112640000000007,3236,-27.32502816,4,232992,47736,72.0,115992,726790.734375,0.001
0.23017600000000005,3240,-27.28314393999999,4,233280,47809,72.0,116136,721187.5546875,0.001
0.22922560000000003,3244,-27.383164940000007,4,233568,47879,72.0,116280,672482.671875,0.001
0.2282751999999999,3248,-27.549442090000003,4,233856,47950,72.0,116424,669739.3515625,0.001
0.22732479999999988,3252,-27.73011123,4,234144,48016,72.0,116568,599469.078125,0.001
0.2263744000000001,3256,-28.196902950000002,4,234432,48088,72.0,116712,827922.8125,0.001
0.22542399999999985,3260,-28.334752300000005,4,234720,48158,72.0,116856,690094.796875,0.001
0.22447360000000005,3264,-28.15570117,4,235008,48226,72.0,117000,637627.03125,0.001
0.22352320000000003,3268,-28.04362698,4,235296,48295,72.0,117144,692629.125,0.001
0.2225727999999999,3272,-27.619340449999996,4,235584,48366,72.0,117288,623026.6875,0.001
0.2216224000000001,3276,-27.91058698,4,235872,48440,72.0,117432,612402.53125,0.001
0.22067199999999987,3280,-27.784463019999997,4,236160,48509,72.0,117576,603616.3125,0.001
0.21972159999999996,3284,-27.966158779999997,4,236448,48577,72.0,117720,704868.9375,0.001
0.21877120000000005,3288,-27.690346650000002,4,236736,48649,72.0,117864,530013.4765625,0.001
0.21782079999999993,3292,-27.49627006999999,4,237024,48722,72.0,118008,648941.171875,0.001
0.21687040000000013,3296,-27.410919510000003,4,237312,48795,72.0,118152,748105.828125,0.001
0.21591999999999978,3300,-27.23025865,4,237600,48869,72.0,118296,647410.203125,0.001
0.21496959999999998,3304,-27.44433952,4,237888,48938,72.0,118440,601331.359375,0.001
0.21401919999999997,3308,-27.630685039999992,4,238176,49013,72.0,118584,678260.984375,0.001
0.21306879999999995,3312,-27.76235732,4,238464,49091,72.0,118728,708306.546875,0.001
0.21211840000000015,3316,-27.971530669999996,4,238752,49165,72.0,118872,614127.8125,0.001
0.2111679999999999,3320,-28.03470998,4,239040,49238,72.0,119016,587181.9140625,0.001
0.2102176,3324,-28.43101786,4,239328,49308,72.0,119160,486561.515625,0.001
0.2092672,3328,-28.12725012,4,239616,49377,72.0,119304,616588.109375,0.001
0.20831679999999997,3332,-28.022974119999994,4,239904,49445,72.0,119448,548340.328125,0.001
0.20736640000000006,3336,-28.19585129,4,240192,49520,72.0,119592,487569.90625,0.001
0.20641599999999993,3340,-28.379359100000006,4,240480,49592,72.0,119736,468230.4375,0.001
0.20546560000000003,3344,-28.28205576,4,240768,49660,72.0,119880,458293.828125,0.001
0.2045152,3348,-28.342525719999998,4,241056,49732,72.0,120024,554780.6328125,0.001
0.20356479999999988,3352,-28.28280563,4,241344,49800,72.0,120168,572943.1328125,0.001
0.20261439999999997,3356,-27.867063789999996,4,241632,49870,72.0,120312,456696.8828125,0.001
0.20166399999999995,3360,-28.031031190000004,4,241920,49936,72.0,120456,599265.921875,0.001
0.20071360000000005,3364,-28.11356052,4,242208,50009,72.0,120600,486470.7265625,0.001
0.19976320000000003,3368,-28.1139466,4,242496,50080,72.0,120744,689676.78125,0.001
0.1988128,3372,-28.51965921,4,242784,50150,72.0,120888,614541.6015625,0.001
0.19786239999999988,3376,-28.646930629999996,4,243072,50224,72.0,121032,561493.9921875,0.001
0.19691199999999998,3380,-28.662756750000003,4,243360,50293,72.0,121176,539570.890625,0.001
0.19596160000000007,3384,-28.876563270000005,4,243648,50357,72.0,121320,516138.0625,0.001
0.19501120000000005,3388,-29.300177349999995,4,243936,50427,72.0,121464,558765.078125,0.001
0.19406080000000003,3392,-29.470491259999996,4,244224,50493,72.0,121608,507032.328125,0.001
0.1931103999999999,3396,-29.447896159999996,4,244512,50564,72.0,121752,477659.609375,0.001
0.1921599999999999,3400,-29.87220513999999,4,244800,50633,72.0,121896,528743.75,0.001
0.19120959999999998,3404,-29.693632629999996,4,245088,50706,72.0,122040,467058.4375,0.001
0.19025919999999985,3408,-29.69269354,4,245376,50777,72.0,122184,469933.1171875,0.001
0.18930880000000005,3412,-29.908019600000003,4,245664,50842,72.0,122328,431330.8203125,0.001
0.18835839999999993,3416,-30.135790489999998,4,245952,50915,72.0,122472,465656.96875,0.001
0.1874079999999999,3420,-30.0383835,4,246240,50988,72.0,122616,415799.296875,0.001
0.1864576000000001,3424,-29.817435370000002,4,246528,51060,72.0,122760,487085.25,0.001
0.18550719999999987,3428,-29.479187730000003,4,246816,51130,72.0,122904,490819.875,0.001
0.18455680000000008,3432,-29.238063959999998,4,247104,51203,72.0,123048,370725.0078125,0.001
0.18360639999999995,3436,-29.18995685000001,4,247392,51272,72.0,123192,399730.75,0.001
0.18265599999999993,3440,-29.37273605,4,247680,51338,72.0,123336,412524.21875,0.001
0.18170560000000013,3444,-29.402330279999997,4,247968,51410,72.0,123480,405449.6328125,0.001
0.1807551999999999,3448,-29.503773749999997,4,248256,51480,72.0,123624,333453.484375,0.001
0.1798048,3452,-29.409771570000004,4,248544,51546,72.0,123768,374777.4765625,0.001
0.17885439999999997,3456,-29.10646309,4,248832,51615,72.0,123912,468406.3515625,0.001
0.17790399999999995,3460,-29.118182339999997,4,249120,51685,72.0,124056,399893.796875,0.001
0.17695360000000016,3464,-29.374570749999997,4,249408,51751,72.0,124200,363682.421875,0.001
0.1760031999999998,3468,-29.374003470000005,4,249696,51821,72.0,124344,335112.2265625,0.001
0.1750528,3472,-29.4422418,4,249984,51888,72.0,124488,337610.53125,0.001
0.1741024,3476,-29.451269780000004,4,250272,51957,72.0,124632,337447.94140625,0.001
0.17315199999999997,3480,-29.402170439999995,4,250560,52030,72.0,124776,312957.0859375,0.001
0.17220159999999995,3484,-29.348010659999996,4,250848,52098,72.0,124920,351842.77734375,0.001
0.17125119999999983,3488,-29.26749014,4,251136,52174,72.0,125064,347255.7734375,0.001
0.17030080000000003,3492,-29.162297879999997,4,251424,52244,72.0,125208,361726.640625,0.001
0.1693504,3496,-29.328539919999997,4,251712,52313,72.0,125352,317061.7734375,0.001
0.1684,3500,-29.069345130000002,4,252000,52387,72.0,125496,307389.484375,0.001
0.16744959999999998,3504,-29.248965879999997,4,252288,52456,72.0,125640,310127.421875,0.001
0.16649919999999985,3508,-29.433121179999997,4,252576,52526,72.0,125784,227118.37890625,0.001
0.16554880000000016,3512,-29.45516822,4,252864,52591,72.0,125928,251652.56640625,0.001
0.16459840000000003,3516,-29.62851779,4,253152,52658,72.0,126072,297041.15625,0.001
0.1636479999999999,3520,-29.802630670000003,4,253440,52727,72.0,126216,288223.33984375,0.001
0.1626975999999999,3524,-29.45883872,4,253728,52795,72.0,126360,304758.015625,0.001
0.16174719999999998,3528,-29.516964010000002,4,254016,52869,72.0,126504,250335.72265625,0.001
0.16079680000000007,3532,-29.71981942,4,254304,52931,72.0,126648,316589.7265625,0.001
0.15984639999999994,3536,-29.65004079,4,254592,53003,72.0,126792,249240.8515625,0.001
0.15889600000000004,3540,-29.14366552,4,254880,53080,72.0,126936,264710.46484375,0.001
0.1579455999999999,3544,-29.301829330000004,4,255168,53149,72.0,127080,289953.796875,0.001
0.1569951999999999,3548,-29.10425992,4,255456,53224,72.0,127224,265999.75,0.001
0.15604479999999998,3552,-29.110790229999992,4,255744,53294,72.0,127368,288033.76171875,0.001
0.15509440000000008,3556,-29.153932750000003,4,256032,53370,72.0,127512,252623.4375,0.001
0.15414399999999995,3560,-29.119885940000003,4,256320,53438,72.0,127656,236917.0546875,0.001
0.15319360000000004,3564,-29.26098618,4,256608,53508,72.0,127800,231260.765625,0.001
0.1522431999999999,3568,-29.386444989999994,4,256896,53575,72.0,127944,254926.87890625,0.001
0.1512927999999999,3572,-29.24018585,4,257184,53649,72.0,128088,206405.93359375,0.001
0.1503424,3576,-29.066755019999995,4,257472,53721,72.0,128232,227613.7734375,0.001
0.14939200000000008,3580,-29.475471230000004,4,257760,53795,72.0,128376,258203.79296875,0.001
0.14844159999999995,3584,-29.38755383,4,258048,53866,72.0,128520,195750.140625,0.001
0.14749119999999982,3588,-29.201934220000002,4,258336,53935,72.0,128664,163108.76953125,0.001
0.14654079999999992,3592,-29.323229339999994,4,258624,54006,72.0,128808,238709.875,0.001
0.1455904,3596,-29.311432849999992,4,258912,54074,72.0,128952,203917.796875,0.001
0.14464,3600,-29.42885135,4,259200,54141,72.0,129096,188396.72265625,0.001
0.14368960000000008,3604,-29.333632360000006,4,259488,54208,72.0,129240,223570.98046875,0.001
0.14273919999999996,3608,-29.204299570000003,4,259776,54276,72.0,129384,167808.390625,0.001
0.14178879999999983,3612,-28.84384618,4,260064,54349,72.0,129528,184487.61328125,0.001
0.14083840000000014,3616,-28.224457049999998,4,260352,54420,72.0,129672,200171.71484375,0.001
0.139888,3620,-28.202965870000003,4,260640,54487,72.0,129816,156078.732421875,0.001
0.1389376,3624,-28.3018308,4,260928,54556,72.0,129960,218843.859375,0.001
0.1379872000000001,3628,-28.741075369999994,4,261216,54631,72.0,130104,175106.9140625,0.001
0.13703679999999996,3632,-28.530333960000004,4,261504,54704,72.0,130248,188688.60546875,0.001
0.13608639999999983,3636,-28.63348172,4,261792,54773,72.0,130392,191904.8125,0.001
0.13513599999999992,3640,-28.820221819999997,4,262080,54845,72.0,130536,189795.51953125,0.001
0.13418560000000002,3644,-28.930916880000005,4,262368,54917,72.0,130680,168224.720703125,0.001
0.1332352,3648,-29.337607880000004,4,262656,54980,72.0,130824,146201.091796875,0.001
0.13228479999999987,3652,-29.662381730000003,4,262944,55054,72.0,130968,190512.62109375,0.001
0.13133439999999996,3656,-30.129185040000003,4,263232,55127,72.0,131112,156159.724609375,0.001
0.13038400000000006,3660,-30.225779310000004,4,263520,55197,72.0,131256,175288.943359375,0.001
0.12943359999999993,3664,-30.23155777,4,263808,55263,72.0,131400,211486.08984375,0.001
0.12848320000000002,3668,-30.218701759999995,4,264096,55336,72.0,131544,170031.6875,0.001
0.1275328,3672,-30.36746339999999,4,264384,55405,72.0,131688,194363.98046875,0.001
0.12658239999999987,3676,-30.29481448,4,264672,55481,72.0,131832,153111.21484375,0.001
0.1256320000000002,3680,-30.034214970000004,4,264960,55550,72.0,131976,213398.86328125,0.001
0.12468160000000006,3684,-29.933090609999994,4,265248,55629,72.0,132120,177078.8671875,0.001
0.12373119999999993,3688,-30.175399470000006,4,265536,55703,72.0,132264,211984.41796875,0.001
0.12278079999999991,3692,-29.730177570000002,4,265824,55773,72.0,132408,176955.41015625,0.001
0.1218304,3696,-29.530441390000007,4,266112,55845,72.0,132552,168375.859375,0.001
0.12087999999999988,3700,-29.390467260000005,4,266400,55927,72.0,132696,186247.97265625,0.001
0.11992959999999997,3704,-29.52738635,4,266688,55992,72.0,132840,154235.392578125,0.001
0.11897920000000006,3708,-29.58163514,4,266976,56057,72.0,132984,180464.078125,0.001
0.11802879999999993,3712,-29.687244779999997,4,267264,56124,72.0,133128,121631.087890625,0.001
0.11707839999999992,3716,-30.059387469999997,4,267552,56191,72.0,133272,169870.76953125,0.001
0.11612800000000001,3720,-29.515928369999997,4,267840,56263,72.0,133416,146461.6484375,0.001
0.1151776000000001,3724,-29.459447889999996,4,268128,56336,72.0,133560,184939.37890625,0.001
0.11422719999999997,3728,-29.197298529999998,4,268416,56412,72.0,133704,148866.8046875,0.001
0.11327680000000007,3732,-29.608326970000004,4,268704,56482,72.0,133848,149350.611328125,0.001
0.11232639999999994,3736,-29.857916010000004,4,268992,56547,72.0,133992,159127.4375,0.001
0.11137599999999992,3740,-29.53323149,4,269280,56623,72.0,134136,181853.28125,0.001
0.11042560000000001,3744,-29.179281059999997,4,269568,56693,72.0,134280,146886.134765625,0.001
0.1094752000000001,3748,-28.607647930000002,4,269856,56766,72.0,134424,195111.140625,0.001
0.10852479999999998,3752,-28.619682839999996,4,270144,56833,72.0,134568,132139.490234375,0.001
0.10757439999999985,3756,-28.189978019999998,4,270432,56899,72.0,134712,159907.283203125,0.001
0.10662399999999994,3760,-28.295044839999996,4,270720,56973,72.0,134856,149970.271484375,0.001
0.10567359999999992,3764,-28.084378979999997,4,271008,57045,72.0,135000,150476.54296875,0.001
0.10472320000000002,3768,-28.13242468,4,271296,57120,72.0,135144,136655.82421875,0.001
0.10377280000000011,3772,-28.02314697,4,271584,57196,72.0,135288,124163.470703125,0.001
0.10282239999999998,3776,-28.264624449999996,4,271872,57270,72.0,135432,125056.6328125,0.001
0.10187199999999985,3780,-28.291378129999995,4,272160,57338,72.0,135576,126962.89453125,0.001
0.10092159999999994,3784,-28.44431916,4,272448,57411,72.0,135720,142150.609375,0.001
0.09997120000000004,3788,-28.057648999999998,4,272736,57488,72.0,135864,123444.95703125,0.001
0.09902080000000002,3792,-28.470255509999998,4,273024,57562,72.0,136008,122235.33984375,0.001
0.09807039999999989,3796,-28.47917461,4,273312,57636,72.0,136152,141042.232421875,0.001
0.09711999999999998,3800,-28.572436190000005,4,273600,57704,72.0,136296,121119.42578125,0.001
0.09616959999999986,3804,-28.741981779999996,4,273888,57778,72.0,136440,95273.69140625,0.001
0.09521919999999995,3808,-28.888057720000003,4,274176,57851,72.0,136584,103574.763671875,0.001
0.09426880000000004,3812,-29.18884373,4,274464,57919,72.0,136728,100612.5546875,0.001
0.09331840000000002,3816,-29.059620739999996,4,274752,57996,72.0,136872,104612.734375,0.001
0.0923679999999999,3820,-29.32554011,4,275040,58077,72.0,137016,116617.6875,0.001
0.09141759999999999,3824,-29.373341810000003,4,275328,58151,72.0,137160,115362.48046875,0.001
0.09046719999999986,3828,-29.326251620000008,4,275616,58219,72.0,137304,124840.736328125,0.001
0.08951679999999995,3832,-29.376327719999995,4,275904,58295,72.0,137448,98832.787109375,0.001
0.08856640000000005,3836,-29.3490785,4,276192,58372,72.0,137592,99402.88671875,0.001
0.08761600000000003,3840,-29.874733629999994,4,276480,58451,72.0,137736,124224.921875,0.001
0.0866655999999999,3844,-30.32180810000001,4,276768,58527,72.0,137880,102615.01171875,0.001
0.08571519999999977,3848,-30.929965200000005,4,277056,58602,72.0,138024,119900.376953125,0.001
0.08476480000000008,3852,-30.862152639999994,4,277344,58681,72.0,138168,96148.2578125,0.001
0.08381439999999996,3856,-30.720533039999996,4,277632,58754,72.0,138312,117780.15234375,0.001
0.08286399999999994,3860,-30.577750129999995,4,277920,58832,72.0,138456,109385.03125,0.001
0.08191360000000003,3864,-30.563546419999998,4,278208,58905,72.0,138600,114178.802734375,0.001
0.0809631999999999,3868,-30.567500529999997,4,278496,58982,72.0,138744,108003.5546875,0.001
0.0800128,3872,-30.830698719999997,4,278784,59063,72.0,138888,98764.095703125,0.001
0.07906240000000009,3876,-30.912101149999998,4,279072,59132,72.0,139032,85936.033203125,0.001
0.07811199999999996,3880,-30.6321337,4,279360,59204,72.0,139176,105395.392578125,0.001
0.07716159999999994,3884,-30.279673069999998,4,279648,59272,72.0,139320,117564.7265625,0.001
0.07621120000000003,3888,-30.453545130000002,4,279936,59349,72.0,139464,94270.9140625,0.001
0.07526080000000013,3892,-30.666892160000003,4,280224,59419,72.0,139608,87284.376953125,0.001
0.0743104,3896,-30.985647800000002,4,280512,59494,72.0,139752,95042.845703125,0.001
0.07335999999999987,3900,-30.95125187,4,280800,59566,72.0,139896,96437.810546875,0.001
0.07240959999999996,3904,-31.02863185,4,281088,59643,72.0,140040,83031.435546875,0.001
0.07145919999999994,3908,-31.05515126,4,281376,59716,72.0,140184,88706.22265625,0.001
0.07050879999999982,3912,-30.866452300000002,4,281664,59787,72.0,140328,89210.8359375,0.001
0.06955840000000013,3916,-31.069366790000004,4,281952,59854,72.0,140472,80105.720703125,0.001
0.068608,3920,-31.431526830000003,4,282240,59925,72.0,140616,91198.421875,0.001
0.06765759999999987,3924,-31.40459225,4,282528,59986,72.0,140760,90417.072265625,0.001
0.06670719999999997,3928,-31.716714189999998,4,282816,60059,72.0,140904,76532.046875,0.001
0.06575679999999995,3932,-31.575412419999992,4,283104,60133,72.0,141048,80326.5361328125,0.001
0.06480640000000004,3936,-31.45204088,4,283392,60208,72.0,141192,79141.16796875,0.001
0.06385600000000013,3940,-31.590230600000005,4,283680,60283,72.0,141336,80506.662109375,0.001
0.0629056,3944,-31.499577630000008,4,283968,60354,72.0,141480,66781.3681640625,0.001
0.06195519999999988,3948,-31.323649950000004,4,284256,60428,72.0,141624,73191.1875,0.001
0.06100479999999986,3952,-31.022197869999996,4,284544,60497,72.0,141768,90404.7265625,0.001
0.06005440000000006,3956,-31.46161925,4,284832,60576,72.0,141912,81972.22265625,0.001
0.059104000000000045,3960,-31.110257399999995,4,285120,60647,72.0,142056,71438.6884765625,0.001
0.058153599999999916,3964,-31.134677680000003,4,285408,60731,72.0,142200,59279.0693359375,0.001
0.05720320000000001,3968,-31.04178891,4,285696,60805,72.0,142344,67582.0947265625,0.001
0.05625279999999988,3972,-30.960676860000003,4,285984,60873,72.0,142488,78240.0263671875,0.001
0.05530239999999986,3976,-30.745216420000002,4,286272,60949,72.0,142632,70840.169921875,0.001
0.05435200000000007,3980,-30.70486435,4,286560,61016,72.0,142776,63846.7265625,0.001
0.05340160000000005,3984,-31.031040699999995,4,286848,61089,72.0,142920,53990.5927734375,0.001
0.05245119999999992,3988,-30.89886513,4,287136,61158,72.0,143064,57180.025390625,0.001
0.05150080000000001,3992,-30.45172392,4,287424,61227,72.0,143208,68864.1064453125,0.001
0.050550399999999884,3996,-29.96312698,4,287712,61300,72.0,143352,58766.0595703125,0.001
0.04959999999999998,4000,-30.090670369999998,4,288000,61370,72.0,143496,51344.568359375,0.001
0.04864959999999996,4004,-29.77311871,4,288288,61442,72.0,143640,52447.431640625,0.001
0.04769920000000005,4008,-29.644867490000003,4,288576,61515,72.0,143784,57152.9228515625,0.001
0.046748799999999924,4012,-29.51905456,4,288864,61589,72.0,143928,58336.1630859375,0.001
0.045798399999999795,4016,-29.17905791,4,289152,61656,72.0,144072,58218.68603515625,0.001
0.04484800000000011,4020,-29.35574667,4,289440,61725,72.0,144216,48613.77734375,0.001
0.04389759999999998,4024,-29.240301339999995,4,289728,61792,72.0,144360,58933.099609375,0.001
0.04294719999999996,4028,-29.31765791000001,4,290016,61854,72.0,144504,51353.2900390625,0.001
0.041996800000000056,4032,-29.583756469999994,4,290304,61926,72.0,144648,57138.283203125,0.001
0.04104639999999993,4036,-29.64913019,4,290592,62002,72.0,144792,46266.095703125,0.001
0.0400959999999998,4040,-29.557402789999998,4,290880,62070,72.0,144936,55610.84765625,0.001
0.039145600000000114,4044,-29.685628259999994,4,291168,62141,72.0,145080,53899.7939453125,0.001
0.038195199999999985,4048,-29.515064089999996,4,291456,62213,72.0,145224,43029.7109375,0.001
0.03724479999999997,4052,-29.54980284,4,291744,62283,72.0,145368,44835.0244140625,0.001
0.03629439999999984,4056,-29.35929906,4,292032,62350,72.0,145512,57566.0849609375,0.001
0.03534399999999993,4060,-29.92310699,4,292320,62428,72.0,145656,50349.2490234375,0.001
0.034393600000000024,4064,-29.583910469999996,4,292608,62505,72.0,145800,41957.64990234375,0.001
0.033443199999999895,4068,-29.662341940000005,4,292896,62580,72.0,145944,49797.2412109375,0.001
0.03249279999999999,4072,-29.23636638,4,293184,62645,72.0,146088,47458.82763671875,0.001
0.03154239999999997,4076,-29.5986691,4,293472,62714,72.0,146232,34514.88232421875,0.001
0.03059199999999984,4080,-29.98154766,4,293760,62779,72.0,146376,41670.7421875,0.001
0.029641600000000157,4084,-29.59050906,4,294048,62844,72.0,146520,38725.29296875,0.001
0.028691200000000028,4088,-29.80563026,4,294336,62910,72.0,146664,40591.41064453125,0.001
0.0277407999999999,4092,-30.02571876,4,294624,62984,72.0,146808,46697.525390625,0.001
0.026790399999999992,4096,-30.565861469999994,4,294912,63055,72.0,146952,34962.919921875,0.001
0.025839999999999974,4100,-30.508784089999995,4,295200,63119,72.0,147096,38907.67138671875,0.001
0.024889600000000067,4104,-30.64725672,4,295488,63191,72.0,147240,34554.58935546875,0.001
0.02393919999999994,4108,-30.69300013,4,295776,63259,72.0,147384,45414.87109375,0.001
0.02298880000000003,4112,-30.633524659999992,4,296064,63322,72.0,147528,36005.96142578125,0.001
0.022038399999999903,4116,-30.917429170000002,4,296352,63386,72.0,147672,40327.40234375,0.001
0.021087999999999885,4120,-30.72640817,4,296640,63447,72.0,147816,41444.34423828125,0.001
0.020137599999999978,4124,-30.77786932,4,296928,63519,72.0,147960,37167.234375,0.001
0.01918720000000007,4128,-30.783217009999998,4,297216,63581,72.0,148104,37149.0849609375,0.001
0.018236799999999942,4132,-30.422403429999996,4,297504,63648,72.0,148248,36005.40673828125,0.001
0.017286400000000035,4136,-29.791841389999995,4,297792,63712,72.0,148392,32638.68896484375,0.001
0.016335999999999906,4140,-29.44717605,4,298080,63791,72.0,148536,33743.7099609375,0.001
0.015385599999999888,4144,-29.051836370000004,4,298368,63864,72.0,148680,40712.2421875,0.001
0.014435200000000092,4148,-29.132112249999995,4,298656,63934,72.0,148824,33570.0263671875,0.001
0.013484800000000075,4152,-29.303653089999997,4,298944,64004,72.0,148968,33111.83935546875,0.001
0.012534399999999946,4156,-29.397864389999995,4,299232,64074,72.0,149112,29407.18017578125,0.001
0.011583999999999817,4160,-28.8103648,4,299520,64138,72.0,149256,32712.5732421875,0.001
0.01063359999999991,4164,-28.98857475,4,299808,64204,72.0,149400,31018.775390625,0.001
0.01,4168,-28.47802068,4,300096,64274,72.0,149544,33689.70068359375,0.001
0.01,4172,-29.35745731,4,300384,64345,72.0,149688,35611.720703125,0.001
0.01,4176,-29.11687223,4,300672,64408,72.0,149832,31461.044921875,0.001
0.01,4180,-29.215197739999994,4,300960,64474,72.0,149976,30338.224609375,0.001
0.01,4184,-29.350841060000004,4,301248,64544,72.0,150120,28847.88232421875,0.001
0.01,4188,-29.176258849999996,4,301536,64619,72.0,150264,31615.6953125,0.001
0.01,4192,-29.072718989999995,4,301824,64679,72.0,150408,33063.02685546875,0.001
0.01,4196,-29.0124409,4,302112,64748,72.0,150552,27273.73388671875,0.001
0.01,4200,-29.19577659,4,302400,64817,72.0,150696,25185.41748046875,0.001
0.01,4204,-29.118243689999996,4,302688,64888,72.0,150840,26177.296875,0.001
0.01,4208,-29.06092809,4,302976,64950,72.0,150984,23539.61669921875,0.001
0.01,4212,-29.427249470000003,4,303264,65012,72.0,151128,19450.99658203125,0.001
0.01,4216,-29.26809017,4,303552,65087,72.0,151272,24067.23193359375,0.001
0.01,4220,-29.316054309999995,4,303840,65157,72.0,151416,27037.0791015625,0.001
0.01,4224,-29.345850320000004,4,304128,65219,72.0,151560,29032.7998046875,0.001
0.01,4228,-29.40827585,4,304416,65272,72.0,151704,25278.296875,0.001
0.01,4232,-29.37189145,4,304704,65325,72.0,151848,25965.80126953125,0.001
0.01,4236,-29.96398771,4,304992,65390,72.0,151992,24866.95751953125,0.001
0.01,4240,-29.60015163,4,305280,65449,72.0,152136,21592.0693359375,0.001
0.01,4244,-29.642844949999997,4,305568,65506,72.0,152280,23019.681640625,0.001
0.01,4248,-29.530712610000002,4,305856,65567,72.0,152424,23142.4501953125,0.001
0.01,4252,-29.35003406,4,306144,65625,72.0,152568,22286.68896484375,0.001
0.01,4256,-29.115042559999996,4,306432,65679,72.0,152712,21424.89306640625,0.001
0.01,4260,-29.411450020000004,4,306720,65739,72.0,152856,23070.349609375,0.001
0.01,4264,-29.367949729999996,4,307008,65804,72.0,153000,30281.6240234375,0.001
0.01,4268,-29.999933439999996,4,307296,65866,72.0,153144,23735.92138671875,0.001
0.01,4272,-29.336471349999993,4,307584,65934,72.0,153288,21634.92138671875,0.001
0.01,4276,-28.901878739999997,4,307872,66003,72.0,153432,20666.20849609375,0.001
0.01,4280,-28.820392559999995,4,308160,66079,72.0,153576,19038.25927734375,0.001
0.01,4284,-29.20354274,4,308448,66155,72.0,153720,26179.0458984375,0.001
0.01,4288,-29.453513459999996,4,308736,66236,72.0,153864,23618.8427734375,0.001
0.01,4292,-29.476182180000002,4,309024,66314,72.0,154008,22928.9443359375,0.001
0.01,4296,-29.34545645,4,309312,66393,72.0,154152,23246.6640625,0.001
0.01,4300,-29.3867434,4,309600,66467,72.0,154296,21815.59326171875,0.001
0.01,4304,-29.55523509,4,309888,66547,72.0,154440,16296.316650390625,0.001
0.01,4308,-29.501269079999997,4,310176,66624,72.0,154584,20582.8662109375,0.001
0.01,4312,-29.43214995,4,310464,66697,72.0,154728,20011.00390625,0.001
0.01,4316,-29.465704040000002,4,310752,66768,72.0,154872,20905.892578125,0.001
0.01,4320,-29.090465299999995,4,311040,66842,72.0,155016,19204.316650390625,0.001
0.01,4324,-29.29705973,4,311328,66916,72.0,155160,15347.580078125,0.001
0.01,4328,-29.484141240000003,4,311616,66993,72.0,155304,16834.846923828125,0.001
0.01,4332,-29.377059280000008,4,311904,67068,72.0,155448,17532.716552734375,0.001
0.01,4336,-29.30083818,4,312192,67140,72.0,155592,19948.45947265625,0.001
0.01,4340,-29.781562889999996,4,312480,67209,72.0,155736,17077.082275390625,0.001
0.01,4344,-29.801983000000003,4,312768,67283,72.0,155880,17672.239501953125,0.001
0.01,4348,-30.215875030000003,4,313056,67364,72.0,156024,17629.529052734375,0.001
0.01,4352,-30.525777259999998,4,313344,67445,72.0,156168,15757.864013671875,0.001
0.01,4356,-30.866897569999995,4,313632,67527,72.0,156312,14800.9208984375,0.001
0.01,4360,-30.943065019999995,4,313920,67600,72.0,156456,14720.800048828125,0.001
0.01,4364,-31.08001624,4,314208,67677,72.0,156600,16625.119140625,0.001
0.01,4368,-30.82771200000001,4,314496,67754,72.0,156744,12786.07763671875,0.001
0.01,4372,-30.79389788000001,4,314784,67829,72.0,156888,19019.134521484375,0.001
0.01,4376,-31.36039593,4,315072,67905,72.0,157032,17038.970458984375,0.001
0.01,4380,-31.03385477,4,315360,67971,72.0,157176,14310.784423828125,0.001
0.01,4384,-30.830148289999997,4,315648,68042,72.0,157320,15993.43701171875,0.001
0.01,4388,-30.41949719,4,315936,68116,72.0,157464,13571.98828125,0.001
0.01,4392,-30.496543980000002,4,316224,68194,72.0,157608,12078.624267578125,0.001
0.01,4396,-30.53160586,4,316512,68264,72.0,157752,20850.7587890625,0.001
0.01,4400,-30.497337390000002,4,316800,68335,72.0,157896,16651.6201171875,0.001
0.01,4404,-30.382746239999996,4,317088,68405,72.0,158040,14585.320068359375,0.001
0.01,4408,-30.281320939999997,4,317376,68477,72.0,158184,16385.654296875,0.001
0.01,4412,-29.86915883,4,317664,68541,72.0,158328,13708.4267578125,0.001
0.01,4416,-30.106359920000003,4,317952,68615,72.0,158472,17462.60205078125,0.001
0.01,4420,-30.264345190000004,4,318240,68689,72.0,158616,14767.1904296875,0.001
0.01,4424,-30.141493510000004,4,318528,68761,72.0,158760,18237.29248046875,0.001
0.01,4428,-29.653683980000004,4,318816,68831,72.0,158904,13584.5380859375,0.001
0.01,4432,-29.773155730000006,4,319104,68902,72.0,159048,15345.7705078125,0.001
0.01,4436,-29.655344030000002,4,319392,68967,72.0,159192,11547.439697265625,0.001
0.01,4440,-29.65163874,4,319680,69042,72.0,159336,13508.51806640625,0.001
0.01,4444,-29.891428480000005,4,319968,69116,72.0,159480,11313.310791015625,0.001
0.01,4448,-29.88132972,4,320256,69191,72.0,159624,12591.9794921875,0.001
0.01,4452,-29.945739869999997,4,320544,69259,72.0,159768,11648.69873046875,0.001
0.01,4456,-29.792793349999997,4,320832,69335,72.0,159912,10874.319580078125,0.001
0.01,4460,-29.74425781,4,321120,69403,72.0,160056,9213.60888671875,0.001
0.01,4464,-29.871678619999997,4,321408,69472,72.0,160200,9504.675537109375,0.001
0.01,4468,-30.467802980000002,4,321696,69543,72.0,160344,10248.768310546875,0.001
0.01,4472,-30.98445138,4,321984,69618,72.0,160488,9754.0947265625,0.001
0.01,4476,-30.88711417,4,322272,69688,72.0,160632,9497.08544921875,0.001
0.01,4480,-31.191191429999993,4,322560,69765,72.0,160776,9620.89208984375,0.001
0.01,4484,-31.070904369999997,4,322848,69839,72.0,160920,7972.681640625,0.001
0.01,4488,-31.51101096,4,323136,69916,72.0,161064,9440.21875,0.001
0.01,4492,-31.54256469,4,323424,69989,72.0,161208,8653.63916015625,0.001
