rollout/ep_rew_mean,rollout/ep_len_mean,time/fps,time/time_elapsed,train/learning_rate,train/actor_loss,time/total_timesteps,train/critic_loss,time/episodes,train/n_updates
-1.1439535,72.0,4,68,0.0003,1910.7020263671875,288,35821.3671875,4,187
-1.0577856250000002,72.0,4,130,0.0003,1585.5428466796875,576,77825.828125,8,475
-0.8790510833333335,72.0,4,187,0.0003,1743.075439453125,864,23883.525390625,12,763
-0.8074341875,72.0,4,256,0.0003,1692.2366943359375,1152,362601.375,16,1051
-0.7455272500000001,72.0,4,322,0.0003,1687.121826171875,1440,163577.75,20,1339
-0.7902502916666666,72.0,4,391,0.0003,1873.5166015625,1728,96827.625,24,1627
-0.8043132499999999,72.0,4,452,0.0003,1582.910400390625,2016,3498.48974609375,28,1915
-0.7780559062500001,72.0,4,518,0.0003,1335.58642578125,2304,120065.890625,32,2203
-0.7990324166666668,72.0,4,578,0.0003,1612.5396728515625,2592,40403.15625,36,2491
-0.7847993499999999,72.0,4,640,0.0003,1733.423095703125,2880,20335.875,40,2779
-0.7703341136363636,72.0,4,703,0.0003,1417.1414794921875,3168,147594.84375,44,3067
-0.7683928958333333,72.0,4,764,0.0003,1653.6920166015625,3456,36402.78125,48,3355
-0.7537039615384615,72.0,4,830,0.0003,1523.3277587890625,3744,599.6444091796875,52,3643
-0.7632079642857142,72.0,4,890,0.0003,1564.905517578125,4032,42188.38671875,56,3931
-0.7530049833333334,72.0,4,957,0.0003,1397.3076171875,4320,180357.046875,60,4219
-0.750450921875,72.0,4,1032,0.0003,1617.235107421875,4608,80622.8515625,64,4507
-0.7326311029411764,72.0,4,1092,0.0003,1647.88916015625,4896,96341.359375,68,4795
-0.7477141111111111,72.0,4,1169,0.0003,1569.4298095703125,5184,159863.15625,72,5083
-0.7609859210526315,72.0,4,1249,0.0003,1459.9818115234375,5472,40718.73046875,76,5371
-0.7585038875000001,72.0,4,1314,0.0003,1591.7867431640625,5760,8687.1630859375,80,5659
-0.7708007976190477,72.0,4,1373,0.0003,1489.316650390625,6048,39064.296875,84,5947
-0.748591875,72.0,4,1444,0.0003,1383.228759765625,6336,30126.833984375,88,6235
-0.7420358260869564,72.0,4,1514,0.0003,1510.6844482421875,6624,30379.0859375,92,6523
-0.7451365624999999,72.0,4,1588,0.0003,1421.1688232421875,6912,8592.11328125,96,6811
-0.73563617,72.0,4,1657,0.0003,1463.735595703125,7200,22152.66796875,100,7099
-0.71039334,72.0,4,1729,0.0003,1342.36083984375,7488,36295.25,104,7387
-0.70029648,72.0,4,1801,0.0003,1390.3885498046875,7776,17072.376953125,108,7675
-0.7032675099999999,72.0,4,1867,0.0003,1330.4669189453125,8064,14630.6552734375,112,7963
-0.6941780899999999,72.0,4,1942,0.0003,1475.904052734375,8352,16553.583984375,116,8251
-0.7143242899999999,72.0,4,2017,0.0003,1300.0997314453125,8640,15178.740234375,120,8539
-0.7129976800000002,72.0,4,2081,0.0003,1397.0860595703125,8928,1627.2012939453125,124,8827
-0.70005397,72.0,4,2162,0.0003,1459.1331787109375,9216,10988.1552734375,128,9115
-0.71870391,72.0,4,2232,0.0003,1321.5032958984375,9504,8851.5234375,132,9403
-0.7063503299999999,72.0,4,2304,0.0003,1364.3272705078125,9792,7497.58984375,136,9691
-0.7114506900000002,72.0,4,2380,0.0003,1378.2882080078125,10080,7135.11767578125,140,9979
-0.70937476,72.0,4,2456,0.0003,1292.3564453125,10368,8975.5625,144,10267
-0.7153781399999999,72.0,4,2529,0.0003,1311.023681640625,10656,583.6492919921875,148,10555
-0.7084546300000001,72.0,4,2596,0.0003,1366.72021484375,10944,3606.79833984375,152,10843
-0.7057760300000001,72.0,4,2669,0.0003,1285.8536376953125,11232,1114.72705078125,156,11131
-0.7009923199999999,72.0,4,2742,0.0003,1308.4755859375,11520,3821.37255859375,160,11419
-0.7087827999999999,72.0,4,2822,0.0003,1250.208251953125,11808,4238.45556640625,164,11707
-0.72946995,72.0,4,2905,0.0003,1223.192626953125,12096,10176.236328125,168,11995
-0.7207948700000002,72.0,4,2993,0.0003,1271.9173583984375,12384,5362.9521484375,172,12283
-0.7031738000000002,72.0,4,3066,0.0003,1267.4044189453125,12672,123.79156494140625,176,12571
-0.73046079,72.0,4,3149,0.0003,1251.613037109375,12960,259.43536376953125,180,12859
-0.7280525300000003,72.0,4,3227,0.0003,1264.5460205078125,13248,86.04305267333984,184,13147
-0.7512694799999998,72.0,4,3303,0.0003,1265.0120849609375,13536,169.1336212158203,188,13435
-0.7750097500000002,72.0,4,3383,0.0003,1215.8306884765625,13824,512.794677734375,192,13723
-0.7660210099999999,72.0,4,3457,0.0003,1240.47119140625,14112,114.53828430175781,196,14011
-0.7703193599999999,72.0,4,3525,0.0003,1245.50634765625,14400,250.208984375,200,14299
-0.7828707999999998,72.0,4,3595,0.0003,1240.215576171875,14688,1716.6552734375,204,14587
-0.7800951099999998,72.0,4,3671,0.0003,1247.4791259765625,14976,87.67798614501953,208,14875
-0.7736649400000002,72.0,4,3757,0.0003,1211.872802734375,15264,46.69482421875,212,15163
-0.79051955,72.0,4,3830,0.0003,1210.66650390625,15552,605.7459106445312,216,15451
-0.7957105700000001,72.0,4,3904,0.0003,1171.6910400390625,15840,1677.57763671875,220,15739
-0.79129519,72.0,4,3980,0.0003,1185.1424560546875,16128,405.05072021484375,224,16027
-0.7874076999999999,72.0,4,4051,0.0003,1190.2099609375,16416,832.25927734375,228,16315
-0.7754426399999998,72.0,4,4133,0.0003,1208.880126953125,16704,3565.63330078125,232,16603
-0.7743445699999999,72.0,4,4205,0.0003,1187.41650390625,16992,713.6220703125,236,16891
-0.7779451499999999,72.0,4,4283,0.0003,1184.0892333984375,17280,1288.0401611328125,240,17179
-0.79087645,72.0,4,4366,0.0003,1119.9368896484375,17568,1862.0181884765625,244,17467
-0.76819712,72.0,4,4446,0.0003,1159.6422119140625,17856,1374.732177734375,248,17755
-0.7887393199999999,72.0,4,4531,0.0003,1167.47509765625,18144,926.7144775390625,252,18043
-0.7808174699999999,72.0,3,4615,0.0003,1139.22607421875,18432,374.21502685546875,256,18331
-0.8018703,72.0,3,4697,0.0003,1133.8709716796875,18720,420.9573974609375,260,18619
-0.7768499500000003,72.0,3,4771,0.0003,1169.55908203125,19008,4305.32568359375,264,18907
-0.7704848200000001,72.0,3,4853,0.0003,1128.7220458984375,19296,689.3212890625,268,19195
-0.7672476600000002,72.0,3,4929,0.0003,1133.0107421875,19584,1601.2596435546875,272,19483
-0.7747172599999999,72.0,3,5008,0.0003,1137.5419921875,19872,1472.073486328125,276,19771
-0.74596332,72.0,3,5082,0.0003,1117.974853515625,20160,594.5845947265625,280,20059
-0.72579956,72.0,3,5163,0.0003,1075.317138671875,20448,774.378662109375,284,20347
-0.71822457,72.0,3,5230,0.0003,1098.7691650390625,20736,2412.80322265625,288,20635
-0.69862774,72.0,3,5304,0.0003,1061.2559814453125,21024,443.0968933105469,292,20923
-0.6910589199999998,72.0,3,5368,0.0003,1092.99658203125,21312,389.1260986328125,296,21211
-0.684161,72.0,3,5448,0.0003,1076.1634521484375,21600,533.05078125,300,21499
-0.6897144300000001,72.0,3,5531,0.0003,1025.894287109375,21888,958.6322631835938,304,21787
-0.7050655900000002,72.0,3,5622,0.0003,1064.5341796875,22176,712.8118896484375,308,22075
-0.7219911699999999,72.0,3,5706,0.0003,972.5523071289062,22464,2497.40771484375,312,22363
-0.72348287,72.0,3,5792,0.0003,1058.607421875,22752,82.05120849609375,316,22651
-0.7237526,72.0,3,5880,0.0003,1008.1534423828125,23040,1256.115478515625,320,22939
-0.72247175,72.0,3,5965,0.0003,1049.1322021484375,23328,464.0326843261719,324,23227
-0.7260829200000001,72.0,3,6051,0.0003,1000.6688842773438,23616,509.8060302734375,328,23515
-0.7378261599999998,72.0,3,6133,0.0003,1015.9117431640625,23904,413.31036376953125,332,23803
-0.75129862,72.0,3,6215,0.0003,1013.8594970703125,24192,49.589481353759766,336,24091
-0.7560723999999999,72.0,3,6296,0.0003,1002.3426513671875,24480,876.2647705078125,340,24379
-0.7437718400000002,72.0,3,6376,0.0003,975.4918823242188,24768,73.64935302734375,344,24667
-0.7413055700000001,72.0,3,6448,0.0003,968.3558349609375,25056,408.0913391113281,348,24955
-0.7251981700000001,72.0,3,6534,0.0003,991.5419921875,25344,591.5369262695312,352,25243
-0.7383295999999998,72.0,3,6634,0.0003,954.937744140625,25632,127.15933227539062,356,25531
-0.7351292100000001,72.0,3,6720,0.0003,937.75439453125,25920,229.52020263671875,360,25819
-0.7590790300000001,72.0,3,6801,0.0003,955.0824584960938,26208,364.9696044921875,364,26107
-0.7555378,72.0,3,6880,0.0003,947.427734375,26496,421.8919372558594,368,26395
-0.75877873,72.0,3,6957,0.0003,926.3267211914062,26784,352.03717041015625,372,26683
-0.7503022600000001,72.0,3,7043,0.0003,932.2969970703125,27072,911.9542236328125,376,26971
-0.7523918399999998,72.0,3,7120,0.0003,897.5640869140625,27360,364.94708251953125,380,27259
-0.76276885,72.0,3,7202,0.0003,925.6019287109375,27648,101.18354797363281,384,27547
-0.77316245,72.0,3,7287,0.0003,904.0678100585938,27936,121.97734069824219,388,27835
-0.7849016,72.0,3,7368,0.0003,910.7167358398438,28224,99.14965057373047,392,28123
-0.8018396199999998,72.0,3,7450,0.0003,909.7201538085938,28512,294.18695068359375,396,28411
-0.8267429499999999,72.0,3,7535,0.0003,902.5337524414062,28800,100.5417251586914,400,28699
-0.79594262,72.0,3,7619,0.0003,878.5040283203125,29088,184.05328369140625,404,28987
-0.7900197599999998,72.0,3,7701,0.0003,882.68310546875,29376,171.03802490234375,408,29275
-0.7971546100000001,72.0,3,7820,0.0003,853.7374877929688,29664,146.5986328125,412,29563
-0.8036615500000001,72.0,3,7903,0.0003,871.1758422851562,29952,25.221115112304688,416,29851
-0.7872482399999999,72.0,3,7989,0.0003,858.3458251953125,30240,47.2455940246582,420,30139
-0.7778634899999999,72.0,3,8074,0.0003,854.5784301757812,30528,31.8791561126709,424,30427
-0.79708979,72.0,3,8200,0.0003,816.386474609375,30816,250.69268798828125,428,30715
-0.78257785,72.0,3,8293,0.0003,830.697265625,31104,30.630434036254883,432,31003
-0.7600592600000001,72.0,3,8375,0.0003,836.473388671875,31392,216.31430053710938,436,31291
-0.75759538,72.0,3,8465,0.0003,818.246337890625,31680,26.673154830932617,440,31579
-0.79455445,72.0,3,8546,0.0003,816.1229248046875,31968,173.8738250732422,444,31867
-0.8216992499999999,72.0,3,8631,0.0003,828.3267211914062,32256,57.94712448120117,448,32155
-0.84940777,72.0,3,8723,0.0003,816.9182739257812,32544,38.8060417175293,452,32443
-0.8464878900000001,72.0,3,8810,0.0003,803.8377075195312,32832,151.3645477294922,456,32731
-0.8393440399999998,72.0,3,8893,0.0003,795.2044067382812,33120,28.189037322998047,460,33019
-0.8217348999999998,72.0,3,8973,0.0003,799.2523193359375,33408,31.369510650634766,464,33307
-0.8201510000000002,72.0,3,9055,0.0003,810.6187744140625,33696,31.794721603393555,468,33595
-0.8141707699999999,72.0,3,9136,0.0003,784.8212890625,33984,16.548057556152344,472,33883
-0.8249790899999998,72.0,3,9213,0.0003,766.980224609375,34272,7.618200302124023,476,34171
-0.83088667,72.0,3,9288,0.0003,785.3841552734375,34560,29.215133666992188,480,34459
-0.8302234599999998,72.0,3,9376,0.0003,741.4893798828125,34848,364.24462890625,484,34747
-0.81367073,72.0,3,9444,0.0003,778.7886962890625,35136,44.71730422973633,488,35035
-0.8019866799999998,72.0,3,9530,0.0003,776.73681640625,35424,20.169483184814453,492,35323
-0.8087698900000001,72.0,3,9611,0.0003,754.2604370117188,35712,9.592549324035645,496,35611
-0.8018280200000001,72.0,3,9692,0.0003,741.8958129882812,36000,60.95014572143555,500,35899
-0.8174684199999999,72.0,3,9776,0.0003,750.8963623046875,36288,11.308671951293945,504,36187
-0.8068151199999999,72.0,3,9846,0.0003,739.8369750976562,36576,31.415910720825195,508,36475
-0.8081878599999999,72.0,3,9925,0.0003,735.79931640625,36864,23.45915985107422,512,36763
-0.8195363799999997,72.0,3,10011,0.0003,705.9052734375,37152,37.205238342285156,516,37051
-0.8480728200000001,72.0,3,10108,0.0003,743.5325927734375,37440,23.48354148864746,520,37339
-0.88091932,72.0,3,10188,0.0003,713.3538818359375,37728,25.726564407348633,524,37627
-0.8547291200000001,72.0,3,10282,0.0003,710.8233642578125,38016,20.620746612548828,528,37915
-0.8692229200000001,72.0,3,10369,0.0003,710.0347290039062,38304,15.955840110778809,532,38203
-0.8679803000000001,72.0,3,10453,0.0003,718.2695922851562,38592,7.654670715332031,536,38491
-0.87664495,72.0,3,10540,0.0003,694.0546875,38880,9.106014251708984,540,38779
-0.8279100699999999,72.0,3,10620,0.0003,705.5682373046875,39168,10.248096466064453,544,39067
-0.8272420799999999,72.0,3,10712,0.0003,702.3480224609375,39456,13.20931625366211,548,39355
-0.8203536000000001,72.0,3,10793,0.0003,688.1407470703125,39744,25.020355224609375,552,39643
-0.81775138,72.0,3,10871,0.0003,702.5419921875,40032,5.982149124145508,556,39931
-0.83000708,72.0,3,10972,0.0003,689.4187622070312,40320,21.022300720214844,560,40219
-0.8491371999999999,72.0,3,11057,0.0003,667.08935546875,40608,16.789615631103516,564,40507
-0.84856177,72.0,3,11138,0.0003,675.8765869140625,40896,30.972169876098633,568,40795
-0.87008296,72.0,3,11231,0.0003,650.6851196289062,41184,39.20671844482422,572,41083
-0.8581170899999999,72.0,3,11316,0.0003,669.947998046875,41472,18.08504867553711,576,41371
-0.85308005,72.0,3,11397,0.0003,662.3013916015625,41760,21.15134048461914,580,41659
-0.8639397300000001,72.0,3,11483,0.0003,608.0640869140625,42048,3866.787841796875,584,41947
-0.87825475,72.0,3,11578,0.0003,663.1065673828125,42336,3.70011568069458,588,42235
-0.87979809,72.0,3,11669,0.0003,656.741455078125,42624,30.042858123779297,592,42523
-0.8698193899999999,72.0,3,11752,0.0003,632.2252197265625,42912,12.891996383666992,596,42811
-0.8746221300000001,72.0,3,11838,0.0003,654.146484375,43200,63.13878631591797,600,43099
-0.8837031599999999,72.0,3,11932,0.0003,628.4043579101562,43488,8.656538009643555,604,43387
-0.8860196499999999,72.0,3,12017,0.0003,624.8927001953125,43776,6.542654991149902,608,43675
-0.85449507,72.0,3,12100,0.0003,616.1704711914062,44064,6.906612873077393,612,43963
-0.8202682300000003,72.0,3,12183,0.0003,620.4910888671875,44352,4.832510471343994,616,44251
-0.7975955900000001,72.0,3,12274,0.0003,627.8490600585938,44640,8.26756477355957,620,44539
-0.7621849199999999,72.0,3,12353,0.0003,623.63427734375,44928,11.568838119506836,624,44827
-0.7648850800000001,72.0,3,12438,0.0003,601.8087768554688,45216,8.483968734741211,628,45115
-0.7575645699999999,72.0,3,12528,0.0003,619.3359985351562,45504,21.20331573486328,632,45403
-0.75753138,72.0,3,12606,0.0003,603.16552734375,45792,1.538778305053711,636,45691
-0.7495469200000001,72.0,3,12696,0.0003,606.3739624023438,46080,19.486303329467773,640,45979
-0.77706218,72.0,3,12786,0.0003,601.0698852539062,46368,9.894603729248047,644,46267
-0.7705136300000001,72.0,3,12868,0.0003,599.1864624023438,46656,4.786561965942383,648,46555
-0.7539146200000001,72.0,3,12959,0.0003,596.2113647460938,46944,28.453353881835938,652,46843
-0.7575031499999999,72.0,3,13051,0.0003,582.8678588867188,47232,18.80921745300293,656,47131
-0.7524591199999999,72.0,3,13141,0.0003,580.7183227539062,47520,59.98579788208008,660,47419
-0.7451349999999999,72.0,3,13226,0.0003,566.283203125,47808,20.161151885986328,664,47707
-0.7721771700000001,72.0,3,13319,0.0003,577.5556640625,48096,34.46895217895508,668,47995
-0.75015828,72.0,3,13409,0.0003,566.627197265625,48384,8.76346206665039,672,48283
-0.7504666999999999,72.0,3,13490,0.0003,556.2821044921875,48672,12.26698112487793,676,48571
-0.76133313,72.0,3,13575,0.0003,574.9327392578125,48960,30.26225471496582,680,48859
-0.74150328,72.0,3,13666,0.0003,560.361083984375,49248,23.89051055908203,684,49147
-0.71285673,72.0,3,13752,0.0003,552.2615966796875,49536,14.257731437683105,688,49435
-0.7170469899999999,72.0,3,13832,0.0003,550.2970581054688,49824,43.499977111816406,692,49723
-0.7211435399999999,72.0,3,13910,0.0003,542.430908203125,50112,20.63756561279297,696,50011
-0.7031571300000001,72.0,3,13994,0.0003,541.2682495117188,50400,13.466068267822266,700,50299
-0.7103663400000002,72.0,3,14081,0.0003,541.06640625,50688,9.264007568359375,704,50587
-0.7007435699999999,72.0,3,14167,0.0003,516.06591796875,50976,9.008255004882812,708,50875
-0.72571892,72.0,3,14248,0.0003,532.301025390625,51264,12.57225513458252,712,51163
-0.7431876799999999,72.0,3,14331,0.0003,540.1983032226562,51552,7.160057067871094,716,51451
-0.7465553999999999,72.0,3,14409,0.0003,507.76617431640625,51840,1.6158015727996826,720,51739
-0.75832387,72.0,3,14494,0.0003,513.6211547851562,52128,11.222811698913574,724,52027
-0.76403331,72.0,3,14588,0.0003,501.87335205078125,52416,15.341760635375977,728,52315
-0.7644670599999999,72.0,3,14674,0.0003,508.02032470703125,52704,10.586726188659668,732,52603
-0.7868756599999999,72.0,3,14762,0.0003,502.5432434082031,52992,3.917046546936035,736,52891
-0.77463635,72.0,3,14853,0.0003,496.8451232910156,53280,3.794607639312744,740,53179
-0.7686204099999999,72.0,3,14942,0.0003,509.64910888671875,53568,9.776578903198242,744,53467
-0.7811935299999999,72.0,3,15022,0.0003,494.9897766113281,53856,32.57264709472656,748,53755
-0.81810353,72.0,3,15113,0.0003,502.5146179199219,54144,5.141445159912109,752,54043
-0.8194143899999999,72.0,3,15196,0.0003,483.2073974609375,54432,15.3431396484375,756,54331
-0.8215721699999997,72.0,3,15293,0.0003,484.7676696777344,54720,16.547243118286133,760,54619
-0.82700666,72.0,3,15371,0.0003,484.7198791503906,55008,9.988265991210938,764,54907
-0.7943892799999998,72.0,3,15468,0.0003,482.757080078125,55296,16.73785972595215,768,55195
-0.8200378599999999,72.0,3,15562,0.0003,481.98638916015625,55584,2.0753250122070312,772,55483
-0.8388626699999999,72.0,3,15652,0.0003,482.1993103027344,55872,8.112808227539062,776,55771
-0.8217501,72.0,3,15735,0.0003,467.51739501953125,56160,6.982954025268555,780,56059
-0.8179609600000001,72.0,3,15823,0.0003,459.0920715332031,56448,19.460548400878906,784,56347
-0.83478095,72.0,3,15914,0.0003,456.09014892578125,56736,19.686803817749023,788,56635
-0.84753873,72.0,3,15998,0.0003,464.50897216796875,57024,17.874462127685547,792,56923
-0.8391079299999998,72.0,3,16073,0.0003,445.48016357421875,57312,4.740030288696289,796,57211
-0.84289673,72.0,3,16164,0.0003,442.75177001953125,57600,9.1673583984375,800,57499
-0.81293099,72.0,3,16254,0.0003,447.38092041015625,57888,7.352991104125977,804,57787
-0.8155550299999998,72.0,3,16336,0.0003,441.6606140136719,58176,17.184982299804688,808,58075
-0.8083353199999999,72.0,3,16419,0.0003,451.0848388671875,58464,24.536270141601562,812,58363
-0.79589168,72.0,3,16506,0.0003,441.46673583984375,58752,8.845697402954102,816,58651
-0.77895543,72.0,3,16600,0.0003,441.6398620605469,59040,1.0561603307724,820,58939
-0.7885736600000003,72.0,3,16687,0.0003,438.4513854980469,59328,12.10917854309082,824,59227
-0.7935712400000002,72.0,3,16767,0.0003,429.10443115234375,59616,20.79157829284668,828,59515
-0.7847488500000002,72.0,3,16851,0.0003,438.28955078125,59904,12.097972869873047,832,59803
-0.7599905699999999,72.0,3,16928,0.0003,417.9301452636719,60192,18.669292449951172,836,60091
-0.7692679200000001,72.0,3,17014,0.0003,430.5401611328125,60480,33.68487548828125,840,60379
-0.7833618899999999,72.0,3,17096,0.0003,416.8440246582031,60768,35.221343994140625,844,60667
-0.7740544199999999,72.0,3,17182,0.0003,423.8050537109375,61056,15.789628982543945,848,60955
-0.73656348,72.0,3,17275,0.0003,412.4635314941406,61344,23.250890731811523,852,61243
-0.7306440300000001,72.0,3,17372,0.0003,418.5497741699219,61632,32.85737609863281,856,61531
-0.7521723599999999,72.0,3,17467,0.0003,406.2182312011719,61920,21.109329223632812,860,61819
-0.75376601,72.0,3,17552,0.0003,402.15374755859375,62208,23.9158878326416,864,62107
-0.7522715699999999,72.0,3,17638,0.0003,407.8772888183594,62496,13.51003360748291,868,62395
-0.7510706899999998,72.0,3,17730,0.0003,398.55224609375,62784,12.35505199432373,872,62683
-0.7380163999999999,72.0,3,17810,0.0003,402.5511474609375,63072,1.6394696235656738,876,62971
-0.7527324299999999,72.0,3,17894,0.0003,394.0756530761719,63360,10.69654655456543,880,63259
-0.76393059,72.0,3,17971,0.0003,379.72235107421875,63648,2.6748766899108887,884,63547
-0.7833268699999999,72.0,3,18043,0.0003,389.2774963378906,63936,7.177250862121582,888,63835
-0.7661644200000001,72.0,3,18133,0.0003,382.5510559082031,64224,25.83368492126465,892,64123
-0.7709947800000001,72.0,3,18225,0.0003,387.79241943359375,64512,3.261601686477661,896,64411
-0.80069203,72.0,3,18307,0.0003,374.89801025390625,64800,20.71576690673828,900,64699
-0.8233123299999999,72.0,3,18392,0.0003,379.1165771484375,65088,23.285152435302734,904,64987
-0.85009056,72.0,3,18473,0.0003,371.83465576171875,65376,7.956430435180664,908,65275
-0.8706958499999999,72.0,3,18550,0.0003,371.40911865234375,65664,11.177645683288574,912,65563
-0.8637650699999999,72.0,3,18634,0.0003,365.0265197753906,65952,4.401762962341309,916,65851
-0.8795690300000001,72.0,3,18720,0.0003,371.5479431152344,66240,6.494058132171631,920,66139
-0.8553197699999999,72.0,3,18802,0.0003,356.5059814453125,66528,3.4406535625457764,924,66427
-0.85139763,72.0,3,18885,0.0003,357.3237609863281,66816,10.136783599853516,928,66715
-0.8538186199999999,72.0,3,18971,0.0003,361.6060791015625,67104,6.996503829956055,932,67003
-0.88030457,72.0,3,19042,0.0003,353.1739501953125,67392,12.49648666381836,936,67291
-0.8759391400000002,72.0,3,19119,0.0003,350.27789306640625,67680,6.411528587341309,940,67579
-0.85538872,72.0,3,19209,0.0003,350.3832092285156,67968,12.136133193969727,944,67867
-0.8393456499999999,72.0,3,19291,0.0003,346.50335693359375,68256,11.53013801574707,948,68155
-0.8385418400000002,72.0,3,19361,0.0003,342.7710876464844,68544,7.4396562576293945,952,68443
-0.8399200400000004,72.0,3,19445,0.0003,345.30194091796875,68832,6.561789035797119,956,68731
-0.8292921600000001,72.0,3,19537,0.0003,340.46929931640625,69120,1.6983511447906494,960,69019
-0.8360425300000002,72.0,3,19620,0.0003,337.8940124511719,69408,6.728418827056885,964,69307
-0.8523156599999999,72.0,3,19700,0.0003,338.93731689453125,69696,5.316296577453613,968,69595
-0.8198416499999999,72.0,3,19764,0.0003,334.33331298828125,69984,2.070805072784424,972,69883
-0.8298123600000001,72.0,3,19835,0.0003,331.9613037109375,70272,6.803101062774658,976,70171
-0.8218845600000002,72.0,3,19927,0.0003,326.0317077636719,70560,1.753232717514038,980,70459
-0.8486328999999999,72.0,3,20017,0.0003,339.01971435546875,70848,2.8331847190856934,984,70747
-0.8263646099999999,72.0,3,20105,0.0003,323.8505554199219,71136,2.506614923477173,988,71035
-0.8237350700000001,72.0,3,20191,0.0003,325.78662109375,71424,1.2491464614868164,992,71323
-0.8329404100000001,72.0,3,20273,0.0003,321.13055419921875,71712,4.079162120819092,996,71611
-0.80474941,72.0,3,20350,0.0003,319.9068603515625,72000,6.364790916442871,1000,71899
-0.8195489600000001,72.0,3,20448,0.0003,313.2791442871094,72288,1.7805486917495728,1004,72187
-0.8102900900000001,72.0,3,20530,0.0003,313.6424560546875,72576,3.0719549655914307,1008,72475
-0.7889746099999999,72.0,3,20625,0.0003,312.8108215332031,72864,4.5203423500061035,1012,72763
-0.8113716599999999,72.0,3,20726,0.0003,313.6265869140625,73152,8.381051063537598,1016,73051
-0.7927157500000002,72.0,3,20817,0.0003,302.5824890136719,73440,1.5403287410736084,1020,73339
-0.7953908799999999,72.0,3,20904,0.0003,300.1642150878906,73728,5.295246124267578,1024,73627
-0.8106628900000001,72.0,3,21001,0.0003,305.6531066894531,74016,5.816096305847168,1028,73915
-0.82624624,72.0,3,21100,0.0003,310.8793029785156,74304,2.8264760971069336,1032,74203
-0.81156796,72.0,3,21184,0.0003,303.1800842285156,74592,1.562029480934143,1036,74491
-0.82368892,72.0,3,21269,0.0003,292.80560302734375,74880,2.425222635269165,1040,74779
-0.82729556,72.0,3,21349,0.0003,293.2515869140625,75168,2.210000991821289,1044,75067
-0.8741387900000003,72.0,3,21432,0.0003,291.5035400390625,75456,4.706114292144775,1048,75355
-0.86913306,72.0,3,21528,0.0003,287.5218505859375,75744,0.8324716091156006,1052,75643
-0.8600870299999999,72.0,3,21619,0.0003,295.08380126953125,76032,1.1817954778671265,1056,75931
-0.8421513199999999,72.0,3,21711,0.0003,284.463623046875,76320,2.694334030151367,1060,76219
-0.8297707000000001,72.0,3,21795,0.0003,283.0213623046875,76608,33.80549621582031,1064,76507
-0.8391677700000002,72.0,3,21875,0.0003,286.96697998046875,76896,2.299734592437744,1068,76795
-0.84393098,72.0,3,21963,0.0003,287.1340637207031,77184,0.29410475492477417,1072,77083
-0.8324136799999999,72.0,3,22056,0.0003,279.15850830078125,77472,2.830507755279541,1076,77371
-0.8256842600000001,72.0,3,22148,0.0003,283.70367431640625,77760,3.009094715118408,1080,77659
-0.7937583,72.0,3,22234,0.0003,280.81781005859375,78048,0.4142082929611206,1084,77947
-0.8153852900000002,72.0,3,22322,0.0003,267.30255126953125,78336,0.9445627927780151,1088,78235
-0.80193169,72.0,3,22408,0.0003,277.3741760253906,78624,3.919142484664917,1092,78523
-0.79141554,72.0,3,22490,0.0003,269.43267822265625,78912,1.1391098499298096,1096,78811
-0.7876100600000001,72.0,3,22569,0.0003,267.265869140625,79200,1.1234593391418457,1100,79099
-0.7853484900000001,72.0,3,22657,0.0003,269.15447998046875,79488,1.5060559511184692,1104,79387
-0.7760424,72.0,3,22740,0.0003,266.7765808105469,79776,1.0032742023468018,1108,79675
-0.7837777300000002,72.0,3,22819,0.0003,266.4705810546875,80064,1.7493326663970947,1112,79963
-0.76934579,72.0,3,22896,0.0003,264.8857421875,80352,1.8926670551300049,1116,80251
-0.7848117100000002,72.0,3,22970,0.0003,252.94541931152344,80640,1.5718493461608887,1120,80539
-0.7984218300000002,72.0,3,23050,0.0003,262.09356689453125,80928,1.3683724403381348,1124,80827
-0.79725861,72.0,3,23145,0.0003,255.33395385742188,81216,1.7923327684402466,1128,81115
-0.78379179,72.0,3,23226,0.0003,256.12542724609375,81504,1.038238763809204,1132,81403
-0.8146233400000001,72.0,3,23316,0.0003,253.201171875,81792,0.8783578872680664,1136,81691
-0.7942852899999999,72.0,3,23398,0.0003,255.57069396972656,82080,0.9047523140907288,1140,81979
-0.8048379200000001,72.0,3,23486,0.0003,251.3012237548828,82368,0.37792372703552246,1144,82267
-0.7661211299999999,72.0,3,23565,0.0003,249.46585083007812,82656,1.4446059465408325,1148,82555
-0.7902779400000002,72.0,3,23650,0.0003,252.0675811767578,82944,0.8410733342170715,1152,82843
-0.8116458099999998,72.0,3,23744,0.0003,246.9532470703125,83232,1.2173075675964355,1156,83131
-0.82024136,72.0,3,23838,0.0003,249.25375366210938,83520,8.46707820892334,1160,83419
-0.8205589900000001,72.0,3,23914,0.0003,243.166748046875,83808,0.45285865664482117,1164,83707
-0.8123306800000002,72.0,3,23993,0.0003,244.1640167236328,84096,0.6271423697471619,1168,83995
-0.8421458000000002,72.0,3,24088,0.0003,240.5526580810547,84384,3.6325180530548096,1172,84283
-0.8464417499999999,72.0,3,24170,0.0003,234.96543884277344,84672,0.32807204127311707,1176,84571
-0.84392348,72.0,3,24245,0.0003,236.48153686523438,84960,10.509477615356445,1180,84859
-0.85502016,72.0,3,24327,0.0003,234.18930053710938,85248,0.9807787537574768,1184,85147
-0.85974595,72.0,3,24402,0.0003,232.4800567626953,85536,7.1338372230529785,1188,85435
-0.88642688,72.0,3,24493,0.0003,228.8206024169922,85824,1.096489667892456,1192,85723
-0.88648398,72.0,3,24573,0.0003,234.2340087890625,86112,4.386233329772949,1196,86011
-0.8770302200000002,72.0,3,24648,0.0003,232.9467010498047,86400,1.332088589668274,1200,86299
-0.89101644,72.0,3,24739,0.0003,234.0334014892578,86688,1.876787543296814,1204,86587
-0.904429,72.0,3,24828,0.0003,223.3173828125,86976,4.541828632354736,1208,86875
-0.90814329,72.0,3,24920,0.0003,227.75799560546875,87264,2.3939871788024902,1212,87163
-0.9194467100000001,72.0,3,25010,0.0003,226.30960083007812,87552,2.564283609390259,1216,87451
-0.9287996700000002,72.0,3,25094,0.0003,222.37828063964844,87840,2.080948829650879,1220,87739
-0.9125985900000001,72.0,3,25179,0.0003,218.88104248046875,88128,2.0765950679779053,1224,88027
-0.8927818200000001,72.0,3,25267,0.0003,220.40142822265625,88416,1.3289177417755127,1228,88315
-0.8903503400000002,72.0,3,25346,0.0003,216.66802978515625,88704,3.0967941284179688,1232,88603
-0.8541723100000002,72.0,3,25414,0.0003,219.04043579101562,88992,1.7340360879898071,1236,88891
-0.85621888,72.0,3,25493,0.0003,216.03311157226562,89280,3.8998281955718994,1240,89179
-0.8465836,72.0,3,25579,0.0003,213.90003967285156,89568,5.062565803527832,1244,89467
-0.8683976199999998,72.0,3,25666,0.0003,210.19369506835938,89856,3.6862683296203613,1248,89755
-0.8568857899999999,72.0,3,25748,0.0003,209.0054473876953,90144,2.0410170555114746,1252,90043
-0.8412699100000001,72.0,3,25818,0.0003,206.59158325195312,90432,1.5152561664581299,1256,90331
-0.83053058,72.0,3,25897,0.0003,209.9756622314453,90720,2.606187582015991,1260,90619
-0.8214786999999998,72.0,3,25973,0.0003,208.7103729248047,91008,1.6797332763671875,1264,90907
-0.82046734,72.0,3,26050,0.0003,205.83033752441406,91296,2.2714438438415527,1268,91195
-0.79692761,72.0,3,26120,0.0003,201.51290893554688,91584,1.4396003484725952,1272,91483
-0.79975441,72.0,3,26192,0.0003,203.3954315185547,91872,0.5773017406463623,1276,91771
-0.8032857,72.0,3,26268,0.0003,198.7469024658203,92160,1.0740253925323486,1280,92059
-0.7926298800000001,72.0,3,26332,0.0003,202.9659423828125,92448,3.62868070602417,1284,92347
-0.76796448,72.0,3,26405,0.0003,197.7384033203125,92736,0.9521805047988892,1288,92635
-0.7499577899999998,72.0,3,26493,0.0003,196.5435028076172,93024,1.3130486011505127,1292,92923
-0.7544229000000001,72.0,3,26577,0.0003,196.78395080566406,93312,1.372767686843872,1296,93211
-0.7993587900000001,72.0,3,26657,0.0003,193.89712524414062,93600,0.47359591722488403,1300,93499
-0.77436923,72.0,3,26739,0.0003,189.80995178222656,93888,0.8860490918159485,1304,93787
-0.77194582,72.0,3,26817,0.0003,194.04714965820312,94176,1.0677911043167114,1308,94075
-0.76119812,72.0,3,26894,0.0003,190.90872192382812,94464,0.35985231399536133,1312,94363
-0.74785588,72.0,3,26981,0.0003,189.29412841796875,94752,0.8887101411819458,1316,94651
-0.7243453799999999,72.0,3,27065,0.0003,186.47760009765625,95040,1.0094695091247559,1320,94939
-0.7352054100000001,72.0,3,27148,0.0003,185.3916015625,95328,0.32603687047958374,1324,95227
-0.7420551699999999,72.0,3,27220,0.0003,188.80557250976562,95616,0.24231062829494476,1328,95515
-0.73927207,72.0,3,27300,0.0003,183.33287048339844,95904,1.466128945350647,1332,95803
-0.76269947,72.0,3,27383,0.0003,184.96498107910156,96192,1.0359967947006226,1336,96091
-0.7600954899999999,72.0,3,27464,0.0003,182.6112823486328,96480,0.3997294306755066,1340,96379
-0.7461825000000001,72.0,3,27544,0.0003,175.62838745117188,96768,71.72726440429688,1344,96667
-0.73305266,72.0,3,27619,0.0003,178.7534942626953,97056,0.8952025175094604,1348,96955
-0.73734009,72.0,3,27708,0.0003,176.4169921875,97344,1.5518403053283691,1352,97243
-0.7283954,72.0,3,27793,0.0003,178.56324768066406,97632,0.22896216809749603,1356,97531
-0.7457307800000001,72.0,3,27879,0.0003,172.21438598632812,97920,0.16774426400661469,1360,97819
-0.7449328100000001,72.0,3,27949,0.0003,173.55630493164062,98208,0.35371947288513184,1364,98107
-0.7535720400000001,72.0,3,28031,0.0003,175.0754852294922,98496,1.1331868171691895,1368,98395
-0.75476535,72.0,3,28120,0.0003,173.65530395507812,98784,0.8056612610816956,1372,98683
-0.7489903200000001,72.0,3,28209,0.0003,172.391357421875,99072,0.14082027971744537,1376,98971
-0.7587917399999999,72.0,3,28291,0.0003,166.91387939453125,99360,0.6778587698936462,1380,99259
-0.7653306500000001,72.0,3,28372,0.0003,167.2003936767578,99648,1.2934650182724,1384,99547
-0.7702160400000001,72.0,3,28448,0.0003,166.49659729003906,99936,1.3270670175552368,1388,99835
-0.7794906799999999,72.0,3,28528,0.0003,163.8903350830078,100224,1.3448381423950195,1392,100123
-0.77490824,72.0,3,28604,0.0003,166.27342224121094,100512,1.1029670238494873,1396,100411
-0.75049289,72.0,3,28690,0.0003,164.60971069335938,100800,0.3533281683921814,1400,100699
-0.74843553,72.0,3,28771,0.0003,164.08444213867188,101088,1.5577311515808105,1404,100987
-0.74493785,72.0,3,28857,0.0003,160.75027465820312,101376,0.6439152956008911,1408,101275
-0.7293606799999999,72.0,3,28943,0.0003,161.98886108398438,101664,1.0508166551589966,1412,101563
-0.74886014,72.0,3,29017,0.0003,159.0203094482422,101952,0.8761480450630188,1416,101851
-0.77430025,72.0,3,29101,0.0003,157.46646118164062,102240,1.5013940334320068,1420,102139
-0.79757413,72.0,3,29190,0.0003,156.86317443847656,102528,0.7374892234802246,1424,102427
-0.8197766499999998,72.0,3,29281,0.0003,158.53106689453125,102816,0.4529847502708435,1428,102715
-0.8345021099999999,72.0,3,29366,0.0003,154.6428680419922,103104,0.3925020098686218,1432,103003
-0.81887656,72.0,3,29454,0.0003,153.23143005371094,103392,0.8823135495185852,1436,103291
-0.8365704199999999,72.0,3,29547,0.0003,154.15676879882812,103680,0.36098581552505493,1440,103579
-0.8394411799999998,72.0,3,29634,0.0003,154.6001739501953,103968,0.8350587487220764,1444,103867
-0.84699302,72.0,3,29725,0.0003,151.59481811523438,104256,1.880922555923462,1448,104155
-0.8541293,72.0,3,29810,0.0003,151.16307067871094,104544,0.3232187032699585,1452,104443
-0.8593487499999999,72.0,3,29894,0.0003,148.28123474121094,104832,0.34415850043296814,1456,104731
-0.8613860199999999,72.0,3,29990,0.0003,148.18307495117188,105120,0.9727471470832825,1460,105019
-0.8854306299999999,72.0,3,30081,0.0003,145.19879150390625,105408,1.756119728088379,1464,105307
-0.8704299799999999,72.0,3,30172,0.0003,145.64210510253906,105696,0.5851300358772278,1468,105595
-0.8853170599999999,72.0,3,30272,0.0003,145.44036865234375,105984,0.4301645755767822,1472,105883
-0.8939709299999998,72.0,3,30364,0.0003,145.4969024658203,106272,0.5188214778900146,1476,106171
-0.8718862699999999,72.0,3,30457,0.0003,142.39840698242188,106560,0.42358940839767456,1480,106459
-0.8820112600000002,72.0,3,30543,0.0003,142.77157592773438,106848,0.3764173984527588,1484,106747
-0.88302077,72.0,3,30641,0.0003,138.61227416992188,107136,0.573245644569397,1488,107035
-0.8910054700000001,72.0,3,30732,0.0003,141.17205810546875,107424,0.36682450771331787,1492,107323
-0.8913731199999999,72.0,3,30836,0.0003,139.82284545898438,107712,0.14051494002342224,1496,107611
-0.8944845000000001,72.0,3,30912,0.0003,138.68545532226562,108000,0.12249528616666794,1500,107899
-0.9001525900000001,72.0,3,31001,0.0003,140.3842010498047,108288,0.570379376411438,1504,108187
-0.90350996,72.0,3,31097,0.0003,135.03306579589844,108576,0.13996702432632446,1508,108475
-0.9308023599999999,72.0,3,31191,0.0003,136.268798828125,108864,0.06450852751731873,1512,108763
-0.9294351500000001,72.0,3,31276,0.0003,136.1566925048828,109152,0.2790326178073883,1516,109051
-0.9099861199999999,72.0,3,31367,0.0003,134.32647705078125,109440,0.31343743205070496,1520,109339
-0.8841570400000001,72.0,3,31441,0.0003,132.21353149414062,109728,1.0563509464263916,1524,109627
-0.88451634,72.0,3,31540,0.0003,131.65054321289062,110016,1.853894591331482,1528,109915
-0.8767261000000001,72.0,3,31623,0.0003,130.99398803710938,110304,0.1351960003376007,1532,110203
-0.8604467199999999,72.0,3,31708,0.0003,128.96240234375,110592,0.19388584792613983,1536,110491
-0.8769024599999998,72.0,3,31805,0.0003,129.08578491210938,110880,0.16291047632694244,1540,110779
-0.8843384600000002,72.0,3,31894,0.0003,127.54446411132812,111168,0.3374950587749481,1544,111067
-0.8783743600000001,72.0,3,31987,0.0003,126.96284484863281,111456,4.332311630249023,1548,111355
-0.8504626499999999,72.0,3,32074,0.0003,126.72084045410156,111744,0.07461218535900116,1552,111643
-0.8460979699999999,72.0,3,32154,0.0003,125.90605163574219,112032,0.037620630115270615,1556,111931
-0.8151996500000002,72.0,3,32228,0.0003,126.22798156738281,112320,0.11432531476020813,1560,112219
-0.7924956100000001,72.0,3,32313,0.0003,125.42567443847656,112608,0.044760219752788544,1564,112507
-0.8081077000000001,72.0,3,32418,0.0003,123.35414123535156,112896,0.19880448281764984,1568,112795
-0.7973398499999997,72.0,3,32498,0.0003,120.96955871582031,113184,0.1308385282754898,1572,113083
-0.7785244899999999,72.0,3,32584,0.0003,121.24854278564453,113472,0.4680473506450653,1576,113371
-0.7990802199999999,72.0,3,32673,0.0003,122.04727172851562,113760,0.05403924360871315,1580,113659
-0.78789867,72.0,3,32753,0.0003,119.33788299560547,114048,0.030138781294226646,1584,113947
-0.7936642599999999,72.0,3,32848,0.0003,119.66791534423828,114336,0.20356251299381256,1588,114235
-0.7679884899999999,72.0,3,32936,0.0003,121.50037384033203,114624,0.6472572088241577,1592,114523
-0.7701001699999999,72.0,3,33021,0.0003,116.64581298828125,114912,0.09333869814872742,1596,114811
-0.7551757100000001,72.0,3,33122,0.0003,116.63484954833984,115200,0.3893437683582306,1600,115099
-0.7469323400000001,72.0,3,33204,0.0003,114.37216186523438,115488,0.10887032002210617,1604,115387
-0.7290724000000002,72.0,3,33290,0.0003,115.45477294921875,115776,0.6282656192779541,1608,115675
-0.71283834,72.0,3,33381,0.0003,117.08332061767578,116064,0.42067381739616394,1612,115963
-0.71178532,72.0,3,33469,0.0003,112.36582946777344,116352,0.06465727090835571,1616,116251
-0.70095808,72.0,3,33560,0.0003,114.03173065185547,116640,0.05658658593893051,1620,116539
-0.70405025,72.0,3,33653,0.0003,113.99774932861328,116928,0.20824915170669556,1624,116827
-0.7043470700000002,72.0,3,33748,0.0003,112.24826049804688,117216,0.17576855421066284,1628,117115
-0.71618929,72.0,3,33828,0.0003,109.43511199951172,117504,0.1723576784133911,1632,117403
-0.7436151899999999,72.0,3,33917,0.0003,110.59504699707031,117792,0.08145622909069061,1636,117691
-0.7282230099999998,72.0,3,34011,0.0003,108.59595489501953,118080,0.14456000924110413,1640,117979
-0.7269671400000002,72.0,3,34107,0.0003,109.407470703125,118368,0.056781329214572906,1644,118267
-0.7146491300000001,72.0,3,34185,0.0003,106.88579559326172,118656,0.052390098571777344,1648,118555
-0.7216796699999999,72.0,3,34273,0.0003,107.1701431274414,118944,0.24516798555850983,1652,118843
-0.73687832,72.0,3,34364,0.0003,108.36158752441406,119232,0.07645286619663239,1656,119131
-0.74603478,72.0,3,34459,0.0003,106.05189514160156,119520,0.14843973517417908,1660,119419
-0.7412523400000001,72.0,3,34543,0.0003,104.93546295166016,119808,0.5139423608779907,1664,119707
-0.7247880500000002,72.0,3,34625,0.0003,104.5420150756836,120096,0.8609005212783813,1668,119995
-0.7169379500000003,72.0,3,34719,0.0003,103.99327850341797,120384,0.06867242604494095,1672,120283
-0.7498056000000003,72.0,3,34819,0.0003,103.05162048339844,120672,0.29936909675598145,1676,120571
-0.73318034,72.0,3,34898,0.0003,101.584228515625,120960,0.5062564611434937,1680,120859
-0.7442259800000001,72.0,3,34990,0.0003,101.1440658569336,121248,0.33454304933547974,1684,121147
-0.7727063000000003,72.0,3,35084,0.0003,100.64714050292969,121536,0.148683100938797,1688,121435
-0.7832563400000001,72.0,3,35175,0.0003,101.25353240966797,121824,0.1538347601890564,1692,121723
-0.78082144,72.0,3,35261,0.0003,101.3480453491211,122112,0.278298020362854,1696,122011
-0.7907129300000001,72.0,3,35355,0.0003,99.5340576171875,122400,0.18794474005699158,1700,122299
-0.80642162,72.0,3,35443,0.0003,98.7425308227539,122688,0.32626453042030334,1704,122587
-0.8265082299999997,72.0,3,35540,0.0003,97.56056213378906,122976,0.19015394151210785,1708,122875
-0.82828359,72.0,3,35631,0.0003,97.66940307617188,123264,0.487276166677475,1712,123163
-0.8177981499999999,72.0,3,35725,0.0003,96.3836441040039,123552,0.195635586977005,1716,123451
-0.8323501200000001,72.0,3,35807,0.0003,95.4923324584961,123840,0.2910681962966919,1720,123739
-0.84258274,72.0,3,35902,0.0003,93.83631896972656,124128,0.3424434959888458,1724,124027
-0.82523697,72.0,3,35994,0.0003,93.79644775390625,124416,0.4426422715187073,1728,124315
-0.8151501,72.0,3,36077,0.0003,92.0421142578125,124704,0.28838199377059937,1732,124603
-0.8207203200000001,72.0,3,36164,0.0003,94.62408447265625,124992,1.0050486326217651,1736,124891
-0.80617103,72.0,3,36255,0.0003,93.21653747558594,125280,0.1966966986656189,1740,125179
-0.8191132200000001,72.0,3,36348,0.0003,90.1385726928711,125568,0.4562304615974426,1744,125467
-0.8276143099999997,72.0,3,36436,0.0003,90.72867584228516,125856,0.18543881177902222,1748,125755
-0.8413904,72.0,3,36516,0.0003,90.93978118896484,126144,0.08443204313516617,1752,126043
-0.8286947899999998,72.0,3,36595,0.0003,89.8237075805664,126432,0.027178563177585602,1756,126331
-0.83114874,72.0,3,36682,0.0003,89.72328186035156,126720,0.35269999504089355,1760,126619
-0.8660271399999999,72.0,3,36776,0.0003,88.27854919433594,127008,0.8732962608337402,1764,126907
-0.8420441399999998,72.0,3,36875,0.0003,88.89795684814453,127296,0.45351582765579224,1768,127195
-0.8456894899999999,72.0,3,36966,0.0003,87.69021606445312,127584,0.3201349377632141,1772,127483
-0.8297853099999998,72.0,3,37053,0.0003,88.63517761230469,127872,0.6142348647117615,1776,127771
-0.83473248,72.0,3,37140,0.0003,85.86685943603516,128160,0.4701932966709137,1780,128059
-0.82986772,72.0,3,37231,0.0003,86.60678100585938,128448,0.7879530191421509,1784,128347
-0.79910018,72.0,3,37312,0.0003,84.91744995117188,128736,1.3920793533325195,1788,128635
-0.8124124900000002,72.0,3,37400,0.0003,84.9447021484375,129024,0.2203707993030548,1792,128923
-0.8281185600000001,72.0,3,37487,0.0003,83.54298400878906,129312,0.5187467932701111,1796,129211
-0.82276821,72.0,3,37568,0.0003,84.4417495727539,129600,1.7581374645233154,1800,129499
-0.78744375,72.0,3,37658,0.0003,84.1228256225586,129888,1.2591348886489868,1804,129787
-0.8196472999999999,72.0,3,37758,0.0003,82.37164306640625,130176,0.17626717686653137,1808,130075
-0.8368761600000001,72.0,3,37852,0.0003,81.70675659179688,130464,1.0223770141601562,1812,130363
-0.8421884700000003,72.0,3,37935,0.0003,81.05059051513672,130752,1.7930529117584229,1816,130651
-0.8445560199999999,72.0,3,38031,0.0003,80.907470703125,131040,0.5711297988891602,1820,130939
-0.83170073,72.0,3,38127,0.0003,81.40501403808594,131328,0.10121900588274002,1824,131227
-0.8480112300000002,72.0,3,38217,0.0003,80.3111572265625,131616,0.6109457612037659,1828,131515
-0.8482797,72.0,3,38308,0.0003,78.83098602294922,131904,0.40700680017471313,1832,131803
-0.8235557499999999,72.0,3,38393,0.0003,78.970947265625,132192,0.06556855887174606,1836,132091
-0.8241342299999999,72.0,3,38479,0.0003,77.827392578125,132480,0.4372173547744751,1840,132379
-0.81717984,72.0,3,38569,0.0003,77.92818450927734,132768,0.7165443897247314,1844,132667
-0.8106235100000001,72.0,3,38652,0.0003,77.04267883300781,133056,0.9233771562576294,1848,132955
-0.8273257199999999,72.0,3,38749,0.0003,74.70973205566406,133344,0.9473028779029846,1852,133243
-0.82785608,72.0,3,38829,0.0003,75.67141723632812,133632,0.8530558347702026,1856,133531
-0.83229465,72.0,3,38908,0.0003,74.74989318847656,133920,0.057437606155872345,1860,133819
-0.81016635,72.0,3,38996,0.0003,75.04750061035156,134208,3.2827653884887695,1864,134107
-0.84262479,72.0,3,39084,0.0003,75.31207275390625,134496,4.820801734924316,1868,134395
-0.85135769,72.0,3,39168,0.0003,75.16163635253906,134784,1.1603233814239502,1872,134683
-0.84592973,72.0,3,39245,0.0003,73.71562194824219,135072,1.0196442604064941,1876,134971
-0.87088702,72.0,3,39338,0.0003,75.01934814453125,135360,2.240173816680908,1880,135259
-0.86958226,72.0,3,39413,0.0003,72.46955871582031,135648,2.4307470321655273,1884,135547
-0.85164632,72.0,3,39493,0.0003,73.01851654052734,135936,1.9440025091171265,1888,135835
-0.85824939,72.0,3,39580,0.0003,72.22134399414062,136224,1.47312593460083,1892,136123
-0.83218703,72.0,3,39667,0.0003,71.54983520507812,136512,1.3303223848342896,1896,136411
-0.8234397699999999,72.0,3,39751,0.0003,70.25308227539062,136800,0.2533373534679413,1900,136699
-0.8612833100000001,72.0,3,39846,0.0003,70.7862319946289,137088,4.819289207458496,1904,136987
-0.81627329,72.0,3,39940,0.0003,68.79447937011719,137376,2.598743438720703,1908,137275
-0.79737116,72.0,3,40030,0.0003,69.17117309570312,137664,3.038520336151123,1912,137563
-0.7851621899999999,72.0,3,40107,0.0003,69.74365234375,137952,3.3082337379455566,1916,137851
-0.79462664,72.0,3,40195,0.0003,68.71808624267578,138240,0.3238815665245056,1920,138139
-0.79471368,72.0,3,40271,0.0003,67.266845703125,138528,3.302194595336914,1924,138427
-0.7815039899999999,72.0,3,40365,0.0003,67.98739624023438,138816,2.6131463050842285,1928,138715
-0.7716678399999999,72.0,3,40456,0.0003,68.66374206542969,139104,1.9895312786102295,1932,139003
-0.7854687,72.0,3,40539,0.0003,67.07286834716797,139392,0.9342002868652344,1936,139291
-0.7945706199999999,72.0,3,40619,0.0003,66.71533203125,139680,2.5923056602478027,1940,139579
-0.7769486100000002,72.0,3,40705,0.0003,67.54769134521484,139968,3.3904528617858887,1944,139867
-0.79415324,72.0,3,40797,0.0003,68.32061004638672,140256,3.1822264194488525,1948,140155
-0.79784143,72.0,3,40886,0.0003,64.180419921875,140544,0.5260542631149292,1952,140443
-0.8039525700000002,72.0,3,40975,0.0003,65.22982788085938,140832,1.3335609436035156,1956,140731
-0.7988181600000002,72.0,3,41051,0.0003,64.55960845947266,141120,0.7609643936157227,1960,141019
-0.8098928799999999,72.0,3,41137,0.0003,63.564884185791016,141408,0.07293541729450226,1964,141307
-0.80433266,72.0,3,41219,0.0003,63.95707702636719,141696,0.5310866832733154,1968,141595
-0.80060108,72.0,3,41300,0.0003,63.98087692260742,141984,0.4814364016056061,1972,141883
-0.81267553,72.0,3,41384,0.0003,63.472312927246094,142272,0.16951891779899597,1976,142171
-0.77743225,72.0,3,41474,0.0003,62.76163101196289,142560,0.6208919286727905,1980,142459
-0.7877976800000002,72.0,3,41567,0.0003,62.25254821777344,142848,0.41023343801498413,1984,142747
-0.79225475,72.0,3,41659,0.0003,60.90510177612305,143136,0.22987014055252075,1988,143035
-0.7916334899999999,72.0,3,41752,0.0003,61.404518127441406,143424,0.14635862410068512,1992,143323
-0.81832057,72.0,3,41832,0.0003,61.34502410888672,143712,0.17346784472465515,1996,143611
-0.8158553599999999,72.0,3,41924,0.0003,60.42211151123047,144000,0.25109732151031494,2000,143899
-0.79285965,72.0,3,42007,0.0003,60.082820892333984,144288,0.12722551822662354,2004,144187
-0.7890301700000002,72.0,3,42099,0.0003,59.04931640625,144576,0.026524513959884644,2008,144475
-0.8058293000000001,72.0,3,42190,0.0003,58.813194274902344,144864,0.21639584004878998,2012,144763
-0.83893874,72.0,3,42283,0.0003,58.388404846191406,145152,0.0783868208527565,2016,145051
-0.8399838799999999,72.0,3,42378,0.0003,58.77363586425781,145440,0.08956343680620193,2020,145339
-0.8397534299999999,72.0,3,42477,0.0003,58.270042419433594,145728,0.19698159396648407,2024,145627
-0.8282664099999999,72.0,3,42568,0.0003,58.466033935546875,146016,0.5537582635879517,2028,145915
-0.82066211,72.0,3,42655,0.0003,57.09752655029297,146304,0.20390841364860535,2032,146203
-0.80513796,72.0,3,42755,0.0003,55.917335510253906,146592,0.13265076279640198,2036,146491
-0.8126579499999999,72.0,3,42851,0.0003,56.40220642089844,146880,0.09527803957462311,2040,146779
-0.8383538399999999,72.0,3,42944,0.0003,56.612754821777344,147168,0.21466918289661407,2044,147067
-0.82713346,72.0,3,43032,0.0003,55.555084228515625,147456,0.19525966048240662,2048,147355
-0.8066845099999997,72.0,3,43127,0.0003,56.123016357421875,147744,0.05671345442533493,2052,147643
-0.8031318999999999,72.0,3,43213,0.0003,55.62005615234375,148032,0.024986300617456436,2056,147931
-0.8132146599999999,72.0,3,43311,0.0003,54.59691619873047,148320,0.7172117233276367,2060,148219
-0.7990162299999999,72.0,3,43400,0.0003,55.01839065551758,148608,0.2483566701412201,2064,148507
-0.79581078,72.0,3,43495,0.0003,53.35859298706055,148896,0.2883344888687134,2068,148795
-0.79425533,72.0,3,43605,0.0003,53.84203338623047,149184,0.16472835838794708,2072,149083
-0.8128759,72.0,3,43706,0.0003,53.36286163330078,149472,0.1992053985595703,2076,149371
-0.8240995500000001,72.0,3,43798,0.0003,52.159454345703125,149760,0.26170361042022705,2080,149659
-0.8077890499999998,72.0,3,43883,0.0003,53.65478515625,150048,0.20090362429618835,2084,149947
-0.83403684,72.0,3,43978,0.0003,52.10630416870117,150336,0.4936714470386505,2088,150235
-0.83001309,72.0,3,44072,0.0003,51.97599411010742,150624,0.2883613109588623,2092,150523
-0.81812185,72.0,3,44167,0.0003,51.336585998535156,150912,0.10417654365301132,2096,150811
-0.8508586500000002,72.0,3,44260,0.0003,50.82176208496094,151200,0.14747875928878784,2100,151099
-0.85081561,72.0,3,44349,0.0003,50.92292022705078,151488,0.3692116141319275,2104,151387
-0.8774788800000001,72.0,3,44445,0.0003,49.66896057128906,151776,0.15286394953727722,2108,151675
-0.8718637800000001,72.0,3,44535,0.0003,50.13309860229492,152064,0.2350398600101471,2112,151963
-0.8629266699999999,72.0,3,44625,0.0003,49.91598129272461,152352,0.27004286646842957,2116,152251
-0.86557412,72.0,3,44708,0.0003,49.32901382446289,152640,0.6211154460906982,2120,152539
-0.8627461700000001,72.0,3,44781,0.0003,49.755516052246094,152928,0.2948688864707947,2124,152827
-0.8644410600000001,72.0,3,44876,0.0003,49.13154220581055,153216,0.7214916348457336,2128,153115
-0.86098735,72.0,3,44962,0.0003,49.048858642578125,153504,0.48042428493499756,2132,153403
-0.8707966,72.0,3,45052,0.0003,48.021427154541016,153792,0.037881433963775635,2136,153691
-0.8579551599999999,72.0,3,45128,0.0003,47.48904800415039,154080,1.4689176082611084,2140,153979
-0.8404675300000001,72.0,3,45222,0.0003,47.110836029052734,154368,0.3646542727947235,2144,154267
-0.82162187,72.0,3,45312,0.0003,46.9197998046875,154656,0.19711759686470032,2148,154555
-0.8204235199999999,72.0,3,45406,0.0003,46.861751556396484,154944,0.6065234541893005,2152,154843
-0.8452231799999997,72.0,3,45487,0.0003,46.199462890625,155232,0.7220088839530945,2156,155131
-0.82774117,72.0,3,45564,0.0003,45.50416564941406,155520,0.1778387576341629,2160,155419
-0.8192269799999998,72.0,3,45641,0.0003,45.21342086791992,155808,0.6461995840072632,2164,155707
-0.8188220399999999,72.0,3,45732,0.0003,45.49333953857422,156096,0.23623545467853546,2168,155995
-0.8177553900000001,72.0,3,45814,0.0003,45.86613845825195,156384,0.04108427092432976,2172,156283
-0.79622369,72.0,3,45895,0.0003,45.58905029296875,156672,0.24784451723098755,2176,156571
-0.7999676100000002,72.0,3,45980,0.0003,43.90266418457031,156960,0.2172807902097702,2180,156859
-0.78932935,72.0,3,46068,0.0003,44.702186584472656,157248,0.08924414962530136,2184,157147
-0.7621808900000001,72.0,3,46151,0.0003,44.129150390625,157536,0.42712467908859253,2188,157435
-0.7414123900000001,72.0,3,46228,0.0003,44.0187873840332,157824,0.6830064654350281,2192,157723
-0.7451019700000002,72.0,3,46320,0.0003,43.632423400878906,158112,0.47674375772476196,2196,158011
-0.7432652700000001,72.0,3,46415,0.0003,43.403839111328125,158400,0.02340729720890522,2200,158299
-0.7620024999999999,72.0,3,46496,0.0003,42.78041076660156,158688,0.5870134830474854,2204,158587
-0.73635097,72.0,3,46575,0.0003,43.416683197021484,158976,0.21317288279533386,2208,158875
-0.7381992700000001,72.0,3,46667,0.0003,42.075469970703125,159264,0.6848483085632324,2212,159163
-0.72476069,72.0,3,46749,0.0003,42.431758880615234,159552,0.3878735303878784,2216,159451
-0.7372157499999998,72.0,3,46830,0.0003,41.657344818115234,159840,0.5720542073249817,2220,159739
-0.7419670499999999,72.0,3,46914,0.0003,42.18644714355469,160128,0.2789091467857361,2224,160027
-0.7533335200000001,72.0,3,46993,0.0003,41.376220703125,160416,0.03540477156639099,2228,160315
-0.78012696,72.0,3,47091,0.0003,40.89775848388672,160704,0.24613288044929504,2232,160603
-0.8000621299999999,72.0,3,47169,0.0003,40.37060546875,160992,0.1427558958530426,2236,160891
-0.8223798800000001,72.0,3,47256,0.0003,41.170570373535156,161280,0.445424884557724,2240,161179
-0.8217835300000002,72.0,3,47338,0.0003,40.59906005859375,161568,0.40777575969696045,2244,161467
-0.8239999900000001,72.0,3,47427,0.0003,40.10080337524414,161856,0.3167434334754944,2248,161755
-0.8046103099999999,72.0,3,47504,0.0003,40.022708892822266,162144,0.09138397127389908,2252,162043
-0.79916855,72.0,3,47576,0.0003,39.82619094848633,162432,0.09389515221118927,2256,162331
-0.8176148599999999,72.0,3,47660,0.0003,39.07313919067383,162720,0.1893097162246704,2260,162619
-0.83992342,72.0,3,47745,0.0003,38.455501556396484,163008,0.2606593370437622,2264,162907
-0.8578199999999999,72.0,3,47839,0.0003,38.7623405456543,163296,0.08657554537057877,2268,163195
-0.8678772699999999,72.0,3,47911,0.0003,37.97495651245117,163584,0.05919509381055832,2272,163483
-0.8565281600000002,72.0,3,47995,0.0003,37.77556610107422,163872,0.22376859188079834,2276,163771
-0.8697140400000001,72.0,3,48089,0.0003,38.075714111328125,164160,0.5686486959457397,2280,164059
-0.8878534299999998,72.0,3,48180,0.0003,37.77412414550781,164448,0.20384085178375244,2284,164347
-0.8933783600000001,72.0,3,48259,0.0003,37.07073974609375,164736,0.10820303857326508,2288,164635
-0.9145607800000002,72.0,3,48334,0.0003,37.66077423095703,165024,0.31565526127815247,2292,164923
-0.9079210200000002,72.0,3,48424,0.0003,36.885257720947266,165312,0.0665166974067688,2296,165211
-0.87773929,72.0,3,48505,0.0003,36.78450393676758,165600,0.13873079419136047,2300,165499
-0.8604300699999999,72.0,3,48598,0.0003,35.99176025390625,165888,0.11506563425064087,2304,165787
-0.8496047800000001,72.0,3,48664,0.0003,36.708099365234375,166176,0.04785721376538277,2308,166075
-0.8559464400000002,72.0,3,48748,0.0003,36.14183044433594,166464,0.07564496994018555,2312,166363
-0.8573964100000001,72.0,3,48843,0.0003,35.506591796875,166752,0.049690887331962585,2316,166651
-0.8476577000000001,72.0,3,48936,0.0003,36.25382614135742,167040,0.06399521976709366,2320,166939
-0.8668219399999999,72.0,3,49020,0.0003,35.259979248046875,167328,0.04429580271244049,2324,167227
-0.8795971,72.0,3,49110,0.0003,36.970462799072266,167616,0.15040400624275208,2328,167515
-0.8735354500000002,72.0,3,49186,0.0003,37.977394104003906,167904,0.18018066883087158,2332,167803
-0.8596187699999999,72.0,3,49285,0.0003,38.11062240600586,168192,0.06404241174459457,2336,168091
-0.84077752,72.0,3,49372,0.0003,37.62103271484375,168480,0.26864609122276306,2340,168379
-0.87126654,72.0,3,49460,0.0003,37.6095085144043,168768,0.10505707561969757,2344,168667
-0.90739,72.0,3,49550,0.0003,37.43134307861328,169056,0.05565428361296654,2348,168955
-0.9172157099999998,72.0,3,49625,0.0003,37.168617248535156,169344,0.03299810737371445,2352,169243
-0.9234993400000002,72.0,3,49719,0.0003,36.607635498046875,169632,0.0381801575422287,2356,169531
-0.8966803,72.0,3,49800,0.0003,36.47214126586914,169920,0.008550942875444889,2360,169819
-0.8827524999999998,72.0,3,49885,0.0003,36.305118560791016,170208,0.059670768678188324,2364,170107
-0.8608886599999999,72.0,3,49971,0.0003,35.855220794677734,170496,0.025157257914543152,2368,170395
-0.84450393,72.0,3,50065,0.0003,35.60613250732422,170784,0.11061875522136688,2372,170683
-0.8722290699999999,72.0,3,50147,0.0003,35.42708206176758,171072,0.062004685401916504,2376,170971
-0.85901196,72.0,3,50230,0.0003,34.79622268676758,171360,0.01586334966123104,2380,171259
-0.8906449099999999,72.0,3,50320,0.0003,34.842384338378906,171648,0.01973402313888073,2384,171547
-0.8942959200000001,72.0,3,50403,0.0003,35.04566955566406,171936,0.024586427956819534,2388,171835
-0.87603558,72.0,3,50492,0.0003,34.37369155883789,172224,0.0071085356175899506,2392,172123
-0.86630164,72.0,3,50588,0.0003,34.223506927490234,172512,0.03181476518511772,2396,172411
-0.87647528,72.0,3,50673,0.0003,34.33316421508789,172800,0.008589819073677063,2400,172699
-0.8734257500000001,72.0,3,50761,0.0003,33.78292465209961,173088,0.003492355812340975,2404,172987
-0.8948119699999999,72.0,3,50843,0.0003,33.7384147644043,173376,0.017148824408650398,2408,173275
-0.8865119800000001,72.0,3,50929,0.0003,33.709415435791016,173664,0.05830353870987892,2412,173563
-0.8909667300000002,72.0,3,51018,0.0003,33.55298614501953,173952,0.014018659479916096,2416,173851
-0.8616928399999998,72.0,3,51092,0.0003,32.86110305786133,174240,0.0067940643057227135,2420,174139
-0.8367496099999999,72.0,3,51176,0.0003,32.83281707763672,174528,0.009023576974868774,2424,174427
-0.8318649599999998,72.0,3,51266,0.0003,32.505027770996094,174816,0.017783138900995255,2428,174715
-0.8373191899999998,72.0,3,51355,0.0003,32.393226623535156,175104,0.10649653524160385,2432,175003
-0.83050523,72.0,3,51439,0.0003,31.994667053222656,175392,0.058410145342350006,2436,175291
-0.82326044,72.0,3,51523,0.0003,32.20492172241211,175680,0.005969894118607044,2440,175579
-0.78768671,72.0,3,51613,0.0003,31.713375091552734,175968,0.018220465630292892,2444,175867
-0.77889247,72.0,3,51708,0.0003,31.30645179748535,176256,0.01795492134988308,2448,176155
-0.7950660200000002,72.0,3,51791,0.0003,31.4489803314209,176544,0.03208879381418228,2452,176443
-0.7859824499999999,72.0,3,51880,0.0003,31.34636688232422,176832,0.016194049268960953,2456,176731
-0.80660449,72.0,3,51973,0.0003,30.907554626464844,177120,0.021038241684436798,2460,177019
-0.83671262,72.0,3,52063,0.0003,30.658496856689453,177408,0.03611300513148308,2464,177307
-0.8310049500000001,72.0,3,52140,0.0003,30.276247024536133,177696,0.019630637019872665,2468,177595
-0.8218994399999999,72.0,3,52222,0.0003,30.60931968688965,177984,0.015062144957482815,2472,177883
-0.8062878000000001,72.0,3,52318,0.0003,30.101316452026367,178272,0.005174385383725166,2476,178171
-0.7888316900000001,72.0,3,52403,0.0003,29.783443450927734,178560,0.058707065880298615,2480,178459
-0.7491476299999998,72.0,3,52494,0.0003,30.122753143310547,178848,0.016642265021800995,2484,178747
-0.7570723499999998,72.0,3,52588,0.0003,29.50679588317871,179136,0.06601455807685852,2488,179035
-0.75409081,72.0,3,52665,0.0003,29.695148468017578,179424,0.08323410153388977,2492,179323
-0.7493905400000002,72.0,3,52760,0.0003,29.385894775390625,179712,0.032168373465538025,2496,179611
-0.7677096299999999,72.0,3,52844,0.0003,29.29433250427246,180000,0.06453580409288406,2500,179899
-0.78081079,72.0,3,52933,0.0003,28.755022048950195,180288,0.020804159343242645,2504,180187
-0.77349449,72.0,3,53013,0.0003,29.035171508789062,180576,0.11003705859184265,2508,180475
-0.7637477600000001,72.0,3,53098,0.0003,28.165769577026367,180864,0.059657610952854156,2512,180763
-0.75698312,72.0,3,53180,0.0003,27.965900421142578,181152,0.07219159603118896,2516,181051
-0.7680476199999999,72.0,3,53251,0.0003,28.05677604675293,181440,0.011884331703186035,2520,181339
-0.7806178899999999,72.0,3,53323,0.0003,27.879947662353516,181728,0.03331639617681503,2524,181627
-0.7793482800000001,72.0,3,53412,0.0003,27.6995849609375,182016,0.04165438190102577,2528,181915
-0.7785885400000001,72.0,3,53492,0.0003,27.659500122070312,182304,0.007808615453541279,2532,182203
-0.78568708,72.0,3,53589,0.0003,27.358154296875,182592,0.0741661787033081,2536,182491
-0.7961652400000001,72.0,3,53673,0.0003,27.264265060424805,182880,0.028885502368211746,2540,182779
-0.8086953899999999,72.0,3,53760,0.0003,26.69270896911621,183168,0.1364327073097229,2544,183067
-0.7902687199999999,72.0,3,53840,0.0003,26.80490493774414,183456,0.016973666846752167,2548,183355
-0.7822414300000001,72.0,3,53929,0.0003,26.99661636352539,183744,0.04540562629699707,2552,183643
-0.7680048300000002,72.0,3,54013,0.0003,26.427139282226562,184032,0.024431800469756126,2556,183931
-0.7591613999999999,72.0,3,54099,0.0003,26.017833709716797,184320,0.03861779719591141,2560,184219
-0.7425404499999999,72.0,3,54189,0.0003,26.002981185913086,184608,0.026302464306354523,2564,184507
-0.776964,72.0,3,54280,0.0003,26.24542236328125,184896,0.05214528739452362,2568,184795
-0.79986983,72.0,3,54365,0.0003,25.81973648071289,185184,0.04523375257849693,2572,185083
-0.7989692900000002,72.0,3,54447,0.0003,25.502994537353516,185472,0.16040512919425964,2576,185371
-0.8299735199999999,72.0,3,54530,0.0003,25.623817443847656,185760,0.09196741133928299,2580,185659
-0.83572509,72.0,3,54612,0.0003,24.897645950317383,186048,0.10278007388114929,2584,185947
-0.81768356,72.0,3,54688,0.0003,25.255359649658203,186336,0.06512758135795593,2588,186235
-0.82734944,72.0,3,54767,0.0003,25.121158599853516,186624,0.009717701002955437,2592,186523
-0.84139148,72.0,3,54848,0.0003,24.87356948852539,186912,0.020855829119682312,2596,186811
-0.8199184500000001,72.0,3,54936,0.0003,24.744640350341797,187200,0.0695502832531929,2600,187099
-0.8250582199999998,72.0,3,55022,0.0003,24.481473922729492,187488,0.031673088669776917,2604,187387
-0.8198724900000001,72.0,3,55102,0.0003,24.631752014160156,187776,0.014116456732153893,2608,187675
-0.83460577,72.0,3,55193,0.0003,24.080219268798828,188064,0.010396742261946201,2612,187963
-0.8409202599999999,72.0,3,55272,0.0003,24.058677673339844,188352,0.017939414829015732,2616,188251
-0.83403955,72.0,3,55354,0.0003,23.796968460083008,188640,0.00994989462196827,2620,188539
-0.8278403499999999,72.0,3,55435,0.0003,23.82828140258789,188928,0.024084679782390594,2624,188827
-0.8146472700000001,72.0,3,55516,0.0003,23.583946228027344,189216,0.006139778532087803,2628,189115
-0.80056458,72.0,3,55594,0.0003,23.206661224365234,189504,0.01270933635532856,2632,189403
-0.79807806,72.0,3,55673,0.0003,23.662813186645508,189792,0.1355770081281662,2636,189691
-0.79281284,72.0,3,55763,0.0003,23.08330726623535,190080,0.007987391203641891,2640,189979
-0.7933715200000002,72.0,3,55855,0.0003,22.956981658935547,190368,0.0023977297823876143,2644,190267
-0.7983764899999999,72.0,3,55931,0.0003,22.886579513549805,190656,0.3587981164455414,2648,190555
-0.7740463800000001,72.0,3,56000,0.0003,22.846054077148438,190944,0.031112344935536385,2652,190843
-0.7874873999999998,72.0,3,56080,0.0003,22.647714614868164,191232,0.005178309977054596,2656,191131
-0.8081885,72.0,3,56156,0.0003,22.275999069213867,191520,0.004915422759950161,2660,191419
-0.7835909399999998,72.0,3,56240,0.0003,22.130720138549805,191808,0.003953594248741865,2664,191707
-0.74358027,72.0,3,56320,0.0003,21.800039291381836,192096,0.028132475912570953,2668,191995
-0.74301823,72.0,3,56399,0.0003,22.00014305114746,192384,0.0028650646563619375,2672,192283
-0.7506450799999999,72.0,3,56483,0.0003,21.83995819091797,192672,0.03398837149143219,2676,192571
-0.7437554800000001,72.0,3,56574,0.0003,21.743343353271484,192960,0.003920385614037514,2680,192859
-0.7374409900000002,72.0,3,56656,0.0003,21.529109954833984,193248,0.008258306421339512,2684,193147
-0.7369995199999999,72.0,3,56746,0.0003,21.24987030029297,193536,0.0021051689982414246,2688,193435
-0.7443215799999998,72.0,3,56835,0.0003,21.0684757232666,193824,0.050240375101566315,2692,193723
-0.76402764,72.0,3,56920,0.0003,21.014719009399414,194112,0.014297922141849995,2696,194011
-0.75198972,72.0,3,57000,0.0003,21.138687133789062,194400,0.00392766110599041,2700,194299
-0.73621435,72.0,3,57084,0.0003,20.788442611694336,194688,0.002392571186646819,2704,194587
-0.73635293,72.0,3,57149,0.0003,20.73805046081543,194976,0.040085554122924805,2708,194875
-0.76120461,72.0,3,57248,0.0003,20.567354202270508,195264,0.0036646693479269743,2712,195163
-0.75225238,72.0,3,57327,0.0003,20.45765495300293,195552,0.004545588046312332,2716,195451
-0.76755643,72.0,3,57413,0.0003,20.21140480041504,195840,0.004570110701024532,2720,195739
-0.77637033,72.0,3,57500,0.0003,20.19859504699707,196128,0.010777708142995834,2724,196027
-0.7826136499999999,72.0,3,57580,0.0003,19.931917190551758,196416,0.001115581369958818,2728,196315
-0.79630326,72.0,3,57664,0.0003,19.968923568725586,196704,0.012703774496912956,2732,196603
-0.7971514499999999,72.0,3,57740,0.0003,19.812686920166016,196992,0.007336607202887535,2736,196891
-0.8045159799999999,72.0,3,57823,0.0003,19.682842254638672,197280,0.0132219810038805,2740,197179
-0.8012979899999999,72.0,3,57906,0.0003,19.76969337463379,197568,0.06505908071994781,2744,197467
-0.8035014999999999,72.0,3,57997,0.0003,19.515779495239258,197856,0.003709126263856888,2748,197755
-0.8241802399999999,72.0,3,58078,0.0003,19.216289520263672,198144,0.06620276719331741,2752,198043
-0.8142310399999999,72.0,3,58168,0.0003,19.372488021850586,198432,0.05344357341527939,2756,198331
-0.8030446000000001,72.0,3,58250,0.0003,19.093332290649414,198720,0.017094265669584274,2760,198619
-0.8202514000000001,72.0,3,58344,0.0003,18.96986198425293,199008,0.03470343351364136,2764,198907
-0.8338643300000002,72.0,3,58438,0.0003,18.929901123046875,199296,0.05106225237250328,2768,199195
-0.8291194500000002,72.0,3,58520,0.0003,18.743070602416992,199584,0.008968094363808632,2772,199483
-0.8025885599999999,72.0,3,58594,0.0003,18.69503402709961,199872,0.04959689825773239,2776,199771
-0.8121746000000001,72.0,3,58687,0.0003,18.352136611938477,200160,0.027009092271327972,2780,200059
-0.8239326499999998,72.0,3,58775,0.0003,18.33554458618164,200448,0.030221346765756607,2784,200347
-0.8454955799999999,72.0,3,58864,0.0003,18.243080139160156,200736,0.015342192724347115,2788,200635
-0.8296873799999999,72.0,3,58955,0.0003,18.12459373474121,201024,0.007273881230503321,2792,200923
-0.8222388599999999,72.0,3,59032,0.0003,17.810731887817383,201312,0.013033881783485413,2796,201211
-0.84498638,72.0,3,59102,0.0003,17.99636459350586,201600,0.09868404269218445,2800,201499
-0.8416020900000001,72.0,3,59174,0.0003,17.652557373046875,201888,0.02931821718811989,2804,201787
-0.85678022,72.0,3,59256,0.0003,17.708078384399414,202176,0.015613043680787086,2808,202075
-0.81873206,72.0,3,59343,0.0003,17.537309646606445,202464,0.0362388901412487,2812,202363
-0.82059579,72.0,3,59433,0.0003,17.29276466369629,202752,0.03645067289471626,2816,202651
-0.80955111,72.0,3,59514,0.0003,17.30195426940918,203040,0.04317737743258476,2820,202939
-0.8164758599999999,72.0,3,59604,0.0003,17.115116119384766,203328,0.038717035204172134,2824,203227
-0.8262899099999998,72.0,3,59687,0.0003,16.994192123413086,203616,0.010934602469205856,2828,203515
-0.8216212099999999,72.0,3,59771,0.0003,16.81328010559082,203904,0.10923553258180618,2832,203803
-0.8142396599999998,72.0,3,59854,0.0003,17.006635665893555,204192,0.023517534136772156,2836,204091
-0.8046530199999999,72.0,3,59942,0.0003,16.463411331176758,204480,0.12625102698802948,2840,204379
-0.7987239899999998,72.0,3,60019,0.0003,16.513456344604492,204768,0.004184024874120951,2844,204667
-0.8141045600000001,72.0,3,60098,0.0003,16.657337188720703,205056,0.11751178652048111,2848,204955
-0.80510723,72.0,3,60182,0.0003,16.40353012084961,205344,0.0065777115523815155,2852,205243
-0.81376803,72.0,3,60270,0.0003,16.410907745361328,205632,0.05850880593061447,2856,205531
-0.8245274700000002,72.0,3,60350,0.0003,16.123973846435547,205920,0.023749075829982758,2860,205819
-0.8411427800000001,72.0,3,60436,0.0003,16.163482666015625,206208,0.014712072908878326,2864,206107
-0.8677502000000002,72.0,3,60522,0.0003,15.8167724609375,206496,0.05939076095819473,2868,206395
-0.8646888,72.0,3,60607,0.0003,15.740020751953125,206784,0.08162233233451843,2872,206683
-0.89277426,72.0,3,60689,0.0003,15.841573715209961,207072,0.013721056282520294,2876,206971
-0.8644227399999999,72.0,3,60777,0.0003,15.736518859863281,207360,0.03325864300131798,2880,207259
-0.8714462700000002,72.0,3,60855,0.0003,15.555241584777832,207648,0.007079495582729578,2884,207547
-0.86565818,72.0,3,60929,0.0003,15.295591354370117,207936,0.07532906532287598,2888,207835
-0.8630290600000002,72.0,3,61006,0.0003,15.381518363952637,208224,0.04737336188554764,2892,208123
-0.84415733,72.0,3,61089,0.0003,15.207674980163574,208512,0.06858144700527191,2896,208411
-0.8299018000000002,72.0,3,61164,0.0003,15.309974670410156,208800,0.03042200580239296,2900,208699
-0.83418233,72.0,3,61234,0.0003,14.96433162689209,209088,0.05123337358236313,2904,208987
-0.8397552999999999,72.0,3,61323,0.0003,14.874715805053711,209376,0.07484233379364014,2908,209275
-0.85185399,72.0,3,61420,0.0003,14.782323837280273,209664,0.05003400892019272,2912,209563
-0.8564217300000003,72.0,3,61498,0.0003,14.77653694152832,209952,0.03675191476941109,2916,209851
-0.86729687,72.0,3,61583,0.0003,14.871856689453125,210240,0.016736965626478195,2920,210139
-0.8658712799999999,72.0,3,61666,0.0003,14.58434009552002,210528,0.019993998110294342,2924,210427
-0.8400717500000002,72.0,3,61750,0.0003,14.633214950561523,210816,0.06503866612911224,2928,210715
-0.8450673400000001,72.0,3,61824,0.0003,14.646757125854492,211104,0.03539057448506355,2932,211003
-0.85658462,72.0,3,61899,0.0003,14.229060173034668,211392,0.008286179974675179,2936,211291
-0.8596206699999999,72.0,3,61984,0.0003,14.465517044067383,211680,0.04482259601354599,2940,211579
-0.86237723,72.0,3,62078,0.0003,14.305755615234375,211968,0.015960700809955597,2944,211867
-0.8411641,72.0,3,62150,0.0003,14.041397094726562,212256,0.031740717589855194,2948,212155
-0.8473347700000002,72.0,3,62235,0.0003,13.917669296264648,212544,0.03312729671597481,2952,212443
-0.8355200899999999,72.0,3,62310,0.0003,14.108707427978516,212832,0.027559438720345497,2956,212731
-0.8248662799999998,72.0,3,62399,0.0003,13.932489395141602,213120,0.01316116750240326,2960,213019
-0.79857725,72.0,3,62481,0.0003,13.715530395507812,213408,0.031434424221515656,2964,213307
-0.79636447,72.0,3,62569,0.0003,13.73330020904541,213696,0.040979206562042236,2968,213595
-0.7944884999999999,72.0,3,62651,0.0003,13.848312377929688,213984,0.04465752840042114,2972,213883
-0.77564973,72.0,3,62738,0.0003,13.58431339263916,214272,0.02444048970937729,2976,214171
-0.7848100299999998,72.0,3,62813,0.0003,13.584217071533203,214560,0.025202564895153046,2980,214459
-0.77417725,72.0,3,62897,0.0003,13.434890747070312,214848,0.015589381568133831,2984,214747
-0.7924528200000001,72.0,3,62984,0.0003,13.372415542602539,215136,0.02957538142800331,2988,215035
-0.81461913,72.0,3,63068,0.0003,13.179450035095215,215424,0.03927699103951454,2992,215323
-0.8214240199999999,72.0,3,63152,0.0003,13.264015197753906,215712,0.008223127573728561,2996,215611
-0.8324627,72.0,3,63245,0.0003,13.151659965515137,216000,0.005371440667659044,3000,215899
-0.83383843,72.0,3,63336,0.0003,13.167920112609863,216288,0.022676091641187668,3004,216187
-0.8249288500000002,72.0,3,63413,0.0003,13.158523559570312,216576,0.008747180923819542,3008,216475
-0.82893406,72.0,3,63496,0.0003,13.008255004882812,216864,0.03275054320693016,3012,216763
-0.8182506600000002,72.0,3,63569,0.0003,13.00247859954834,217152,0.05537355691194534,3016,217051
-0.8141567399999999,72.0,3,63641,0.0003,12.87095832824707,217440,0.021056270226836205,3020,217339
-0.79855769,72.0,3,63725,0.0003,12.815657615661621,217728,0.03254324942827225,3024,217627
-0.8192717500000001,72.0,3,63802,0.0003,12.43826961517334,218016,0.18238408863544464,3028,217915
-0.8002363099999998,72.0,3,63875,0.0003,12.695677757263184,218304,0.032920777797698975,3032,218203
-0.77189526,72.0,3,63947,0.0003,12.681692123413086,218592,0.016600660979747772,3036,218491
-0.7583793299999999,72.0,3,64039,0.0003,12.495336532592773,218880,0.012742836028337479,3040,218779
-0.7753404,72.0,3,64130,0.0003,12.268365859985352,219168,0.041947878897190094,3044,219067
-0.77622005,72.0,3,64216,0.0003,12.3580322265625,219456,0.014425293542444706,3048,219355
-0.8031012299999999,72.0,3,64299,0.0003,12.322681427001953,219744,0.008821993134915829,3052,219643
-0.8044646,72.0,3,64376,0.0003,12.222814559936523,220032,0.010570261627435684,3056,219931
-0.7986443400000001,72.0,3,64465,0.0003,12.198296546936035,220320,0.015550545416772366,3060,220219
-0.7886401100000002,72.0,3,64543,0.0003,12.000572204589844,220608,0.017970934510231018,3064,220507
-0.7669407799999999,72.0,3,64617,0.0003,11.997384071350098,220896,0.01708563044667244,3068,220795
-0.7519715199999999,72.0,3,64697,0.0003,11.755427360534668,221184,0.03274250403046608,3072,221083
-0.74292032,72.0,3,64782,0.0003,11.935822486877441,221472,0.00469540897756815,3076,221371
-0.7756426399999999,72.0,3,64868,0.0003,11.76684856414795,221760,0.004950312897562981,3080,221659
-0.7619756999999998,72.0,3,64942,0.0003,11.861572265625,222048,0.03409808501601219,3084,221947
-0.7371065400000001,72.0,3,65022,0.0003,11.682063102722168,222336,0.021558018401265144,3088,222235
-0.7138345100000001,72.0,3,65099,0.0003,11.637389183044434,222624,0.004034251905977726,3092,222523
-0.73145224,72.0,3,65179,0.0003,11.448097229003906,222912,0.00743602542206645,3096,222811
-0.71972504,72.0,3,65253,0.0003,11.38582992553711,223200,0.07311241328716278,3100,223099
-0.73507614,72.0,3,65335,0.0003,11.310017585754395,223488,0.002093436662107706,3104,223387
-0.7619889300000001,72.0,3,65424,0.0003,11.390070915222168,223776,0.006217519752681255,3108,223675
-0.7444048899999999,72.0,3,65504,0.0003,11.174516677856445,224064,0.00996720977127552,3112,223963
-0.7462201600000001,72.0,3,65579,0.0003,10.828964233398438,224352,0.1415150761604309,3116,224251
-0.7562906300000001,72.0,3,65666,0.0003,11.080206871032715,224640,0.015968792140483856,3120,224539
-0.7727552600000002,72.0,3,65755,0.0003,11.026768684387207,224928,0.0028052316047251225,3124,224827
-0.74497208,72.0,3,65839,0.0003,11.041132926940918,225216,0.007042842451483011,3128,225115
-0.7701479499999999,72.0,3,65932,0.0003,10.761617660522461,225504,0.013078550808131695,3132,225403
-0.8086816700000001,72.0,3,66024,0.0003,10.774349212646484,225792,0.006632616743445396,3136,225691
-0.8217585,72.0,3,66108,0.0003,10.56093692779541,226080,0.07023153454065323,3140,225979
-0.7922512800000001,72.0,3,66195,0.0003,10.69611930847168,226368,0.004597526043653488,3144,226267
-0.78707475,72.0,3,66275,0.0003,10.620892524719238,226656,0.0021967070642858744,3148,226555
-0.7658643099999999,72.0,3,66350,0.0003,10.52627944946289,226944,0.03981979191303253,3152,226843
-0.77201593,72.0,3,66443,0.0003,10.435403823852539,227232,0.03292318806052208,3156,227131
-0.76912162,72.0,3,66524,0.0003,10.545607566833496,227520,0.012479124590754509,3160,227419
-0.7860440200000001,72.0,3,66620,0.0003,10.398042678833008,227808,0.0023671919479966164,3164,227707
-0.7837901899999999,72.0,3,66696,0.0003,10.349424362182617,228096,0.0035578766837716103,3168,227995
-0.7979035099999998,72.0,3,66778,0.0003,10.325042724609375,228384,0.001287649036385119,3172,228283
-0.81326293,72.0,3,66864,0.0003,10.325194358825684,228672,0.019732464104890823,3176,228571
-0.7947408700000002,72.0,3,66949,0.0003,10.306760787963867,228960,0.031174223870038986,3180,228859
-0.7940619200000002,72.0,3,67024,0.0003,10.149925231933594,229248,0.016368243843317032,3184,229147
-0.80821071,72.0,3,67108,0.0003,10.041176795959473,229536,0.004165973514318466,3188,229435
-0.8388583399999999,72.0,3,67193,0.0003,9.896926879882812,229824,0.008107122033834457,3192,229723
-0.8346728399999997,72.0,3,67267,0.0003,9.789684295654297,230112,0.027250003069639206,3196,230011
-0.8539983999999998,72.0,3,67366,0.0003,9.763877868652344,230400,0.025998562574386597,3200,230299
-0.84933646,72.0,3,67439,0.0003,9.78488540649414,230688,0.0035878389608114958,3204,230587
-0.81461124,72.0,3,67523,0.0003,9.803966522216797,230976,0.020654745399951935,3208,230875
-0.8490119500000002,72.0,3,67612,0.0003,9.345284461975098,231264,0.12638753652572632,3212,231163
-0.85058881,72.0,3,67702,0.0003,9.639530181884766,231552,0.011480798944830894,3216,231451
-0.8297193999999999,72.0,3,67776,0.0003,9.580781936645508,231840,0.009985031560063362,3220,231739
-0.8124171299999999,72.0,3,67861,0.0003,9.509698867797852,232128,0.011186306364834309,3224,232027
-0.87447718,72.0,3,67949,0.0003,9.440937042236328,232416,0.0075253648683428764,3228,232315
-0.8779699,72.0,3,68031,0.0003,9.412330627441406,232704,0.002127500716596842,3232,232603
-0.8877062500000001,72.0,3,68118,0.0003,9.406871795654297,232992,0.013259249739348888,3236,232891
-0.9077135999999999,72.0,3,68204,0.0003,9.319979667663574,233280,0.005576002411544323,3240,233179
-0.93011443,72.0,3,68290,0.0003,9.343262672424316,233568,0.023054208606481552,3244,233467
-0.9300038199999999,72.0,3,68380,0.0003,9.126688003540039,233856,0.01276206411421299,3248,233755
-0.92378836,72.0,3,68461,0.0003,9.166142463684082,234144,0.0031980653293430805,3252,234043
-0.9152672899999998,72.0,3,68544,0.0003,9.188485145568848,234432,0.024132680147886276,3256,234331
-0.9137266299999999,72.0,3,68631,0.0003,9.12684440612793,234720,0.011874926276504993,3260,234619
-0.90514288,72.0,3,68701,0.0003,8.996505737304688,235008,0.008345361799001694,3264,234907
-0.8942531799999999,72.0,3,68795,0.0003,8.953042984008789,235296,0.008385170251131058,3268,235195
-0.9040809299999999,72.0,3,68869,0.0003,8.877697944641113,235584,0.02376527339220047,3272,235483
-0.91453582,72.0,3,68960,0.0003,8.757104873657227,235872,0.005429445765912533,3276,235771
-0.8983363600000002,72.0,3,69047,0.0003,8.683361053466797,236160,0.028145037591457367,3280,236059
-0.92065444,72.0,3,69130,0.0003,8.672079086303711,236448,0.005018411669880152,3284,236347
-0.9273036400000001,72.0,3,69217,0.0003,8.624363899230957,236736,0.020406831055879593,3288,236635
-0.92022043,72.0,3,69303,0.0003,8.698811531066895,237024,0.006637312937527895,3292,236923
-0.9017008899999999,72.0,3,69375,0.0003,8.639737129211426,237312,0.02227320335805416,3296,237211
-0.8917911199999999,72.0,3,69449,0.0003,8.588778495788574,237600,0.009192943572998047,3300,237499
-0.8868797100000001,72.0,3,69545,0.0003,8.440096855163574,237888,0.018973030149936676,3304,237787
-0.9100146000000001,72.0,3,69630,0.0003,8.499299049377441,238176,0.008736509829759598,3308,238075
-0.8772207999999999,72.0,3,69717,0.0003,8.19693660736084,238464,0.03501088172197342,3312,238363
-0.8918548499999999,72.0,3,69805,0.0003,8.44156551361084,238752,0.01857716590166092,3316,238651
-0.9096981899999999,72.0,3,69885,0.0003,8.33077621459961,239040,0.008400728926062584,3320,238939
-0.9262795099999999,72.0,3,69952,0.0003,8.229822158813477,239328,0.012154595926404,3324,239227
-0.8795722599999999,72.0,3,70031,0.0003,8.1680326461792,239616,0.00521430466324091,3328,239515
-0.8593500800000001,72.0,3,70115,0.0003,8.321297645568848,239904,0.025950776413083076,3332,239803
-0.8278405499999999,72.0,3,70195,0.0003,8.187880516052246,240192,0.003460364881902933,3336,240091
-0.8121373500000001,72.0,3,70288,0.0003,8.093066215515137,240480,0.0017528696916997433,3340,240379
-0.7984144099999999,72.0,3,70373,0.0003,8.008739471435547,240768,0.018854109570384026,3344,240667
-0.8140213999999999,72.0,3,70455,0.0003,8.00874137878418,241056,0.004109598696231842,3348,240955
-0.8167326900000001,72.0,3,70531,0.0003,7.977272033691406,241344,0.010630409233272076,3352,241243
-0.84107567,72.0,3,70614,0.0003,7.8523054122924805,241632,0.008399486541748047,3356,241531
-0.8259190100000001,72.0,3,70692,0.0003,7.903566360473633,241920,0.002111717127263546,3360,241819
-0.8454890100000001,72.0,3,70785,0.0003,7.879948139190674,242208,0.006003369577229023,3364,242107
-0.8711413799999999,72.0,3,70868,0.0003,7.806068420410156,242496,0.00245853653177619,3368,242395
-0.86995684,72.0,3,70951,0.0003,7.737241744995117,242784,0.002382317092269659,3372,242683
-0.8529111,72.0,3,71039,0.0003,7.723100185394287,243072,0.0031642343383282423,3376,242971
-0.83920829,72.0,3,71124,0.0003,7.679027557373047,243360,0.010578849352896214,3380,243259
-0.8344051,72.0,3,71210,0.0003,7.6661458015441895,243648,0.01612231507897377,3384,243547
-0.8122968399999999,72.0,3,71292,0.0003,7.65422248840332,243936,0.00838566292077303,3388,243835
-0.7984434,72.0,3,71370,0.0003,7.533308982849121,244224,0.0028536710888147354,3392,244123
-0.8045687600000001,72.0,3,71447,0.0003,7.381312370300293,244512,0.023432325571775436,3396,244411
-0.78881089,72.0,3,71532,0.0003,7.515339374542236,244800,0.007081056013703346,3400,244699
-0.7932024000000001,72.0,3,71620,0.0003,7.370062828063965,245088,0.005826010834425688,3404,244987
-0.7869414100000001,72.0,3,71704,0.0003,7.578793525695801,245376,0.059422701597213745,3408,245275
-0.79567422,72.0,3,71792,0.0003,7.213572978973389,245664,0.026957282796502113,3412,245563
-0.7874072099999998,72.0,3,71864,0.0003,7.3848419189453125,245952,0.010704380460083485,3416,245851
-0.75925098,72.0,3,71943,0.0003,7.393588066101074,246240,0.03324143588542938,3420,246139
-0.73979599,72.0,3,72026,0.0003,7.250802516937256,246528,0.01332198828458786,3424,246427
-0.7538844700000001,72.0,3,72106,0.0003,7.156890869140625,246816,0.015826735645532608,3428,246715
-0.7507116700000002,72.0,3,72186,0.0003,7.153429985046387,247104,0.00407735351473093,3432,247003
-0.7813648999999999,72.0,3,72272,0.0003,7.060415744781494,247392,0.005262169986963272,3436,247291
-0.77463649,72.0,3,72364,0.0003,7.11521577835083,247680,0.003693406004458666,3440,247579
-0.7898235,72.0,3,72440,0.0003,7.079627513885498,247968,0.0025192194152623415,3444,247867
-0.7751312300000001,72.0,3,72521,0.0003,7.046443462371826,248256,0.008381625637412071,3448,248155
-0.79273121,72.0,3,72606,0.0003,6.933316230773926,248544,0.004215446300804615,3452,248443
-0.7520039300000001,72.0,3,72684,0.0003,6.913580417633057,248832,0.0021046458277851343,3456,248731
-0.7740981899999998,72.0,3,72764,0.0003,6.856588363647461,249120,0.007100116927176714,3460,249019
-0.7669431400000001,72.0,3,72861,0.0003,6.854637145996094,249408,0.00782373733818531,3464,249307
-0.7659190800000001,72.0,3,72936,0.0003,6.66632080078125,249696,0.01567249186336994,3468,249595
-0.76688568,72.0,3,73028,0.0003,6.718554496765137,249984,0.00853130966424942,3472,249883
-0.7696088500000002,72.0,3,73117,0.0003,6.718827247619629,250272,0.003172156400978565,3476,250171
-0.79206634,72.0,3,73199,0.0003,6.699471473693848,250560,0.005272631533443928,3480,250459
-0.79315458,72.0,3,73294,0.0003,6.6086649894714355,250848,0.020001381635665894,3484,250747
-0.7802429800000001,72.0,3,73367,0.0003,6.54288387298584,251136,0.01566147245466709,3488,251035
-0.7793535800000001,72.0,3,73441,0.0003,6.647254467010498,251424,0.011752519756555557,3492,251323
-0.77499059,72.0,3,73532,0.0003,6.55539608001709,251712,0.0019928948022425175,3496,251611
-0.8002452599999998,72.0,3,73610,0.0003,6.4527177810668945,252000,0.008999121375381947,3500,251899
-0.7898628200000001,72.0,3,73674,0.0003,6.4885382652282715,252288,0.003145052818581462,3504,252187
-0.7727004399999999,72.0,3,73754,0.0003,6.260743141174316,252576,0.06672891974449158,3508,252475
-0.7766593,72.0,3,73843,0.0003,6.433776378631592,252864,0.005614627152681351,3512,252763
-0.7593058100000002,72.0,3,73917,0.0003,6.323859214782715,253152,0.0008228250662796199,3516,253051
-0.7967195799999999,72.0,3,74007,0.0003,6.315560817718506,253440,0.0033153165131807327,3520,253339
-0.79689091,72.0,3,74082,0.0003,6.291186332702637,253728,0.0009713498875498772,3524,253627
-0.8021340600000002,72.0,3,74173,0.0003,6.216291427612305,254016,0.0036790315061807632,3528,253915
-0.81961005,72.0,3,74256,0.0003,6.175936698913574,254304,0.0045312680304050446,3532,254203
-0.80180798,72.0,3,74333,0.0003,6.19234561920166,254592,0.002171778120100498,3536,254491
-0.79094747,72.0,3,74405,0.0003,6.213932037353516,254880,0.023033814504742622,3540,254779
-0.7858790400000001,72.0,3,74488,0.0003,6.147467613220215,255168,0.002662856364622712,3544,255067
-0.7839647299999999,72.0,3,74567,0.0003,6.041921615600586,255456,0.004589205142110586,3548,255355
-0.7711442500000001,72.0,3,74650,0.0003,6.050065994262695,255744,0.0008737824973650277,3552,255643
-0.78641398,72.0,3,74733,0.0003,6.035028457641602,256032,0.008083333261311054,3556,255931
-0.7942370799999999,72.0,3,74828,0.0003,6.0163469314575195,256320,0.0015875545796006918,3560,256219
-0.8123657499999999,72.0,3,74911,0.0003,6.003337383270264,256608,0.004400704987347126,3564,256507
-0.79982472,72.0,3,74998,0.0003,5.880063533782959,256896,0.0040024821646511555,3568,256795
-0.80548072,72.0,3,75085,0.0003,5.876616477966309,257184,0.0012071486562490463,3572,257083
-0.7981021899999999,72.0,3,75172,0.0003,5.831699848175049,257472,0.002899282146245241,3576,257371
-0.7747978600000001,72.0,3,75263,0.0003,5.851531028747559,257760,0.0065278480760753155,3580,257659
-0.7597089100000001,72.0,3,75344,0.0003,5.802000999450684,258048,0.0013221034314483404,3584,257947
-0.7949367099999999,72.0,3,75433,0.0003,5.75363302230835,258336,0.008688848465681076,3588,258235
-0.8248829999999998,72.0,3,75526,0.0003,5.7638444900512695,258624,0.01104121282696724,3592,258523
-0.8496257799999999,72.0,3,75606,0.0003,5.7437872886657715,258912,0.00506407069042325,3596,258811
-0.8377991899999999,72.0,3,75696,0.0003,5.685903072357178,259200,0.0027045279275625944,3600,259099
-0.86554012,72.0,3,75790,0.0003,5.648620128631592,259488,0.0036515959072858095,3604,259387
-0.86417314,72.0,3,75872,0.0003,5.679474353790283,259776,0.0032025573309510946,3608,259675
-0.8469476200000001,72.0,3,75952,0.0003,5.529858589172363,260064,0.007935072295367718,3612,259963
-0.88018364,72.0,3,76043,0.0003,5.5667009353637695,260352,0.0011616854462772608,3616,260251
-0.8550880099999999,72.0,3,76130,0.0003,5.568563938140869,260640,0.002246734220534563,3620,260539
-0.86854725,72.0,3,76211,0.0003,5.49095344543457,260928,0.00269514974206686,3624,260827
-0.86049529,72.0,3,76300,0.0003,5.456928253173828,261216,0.0009536400903016329,3628,261115
-0.84979282,72.0,3,76382,0.0003,5.345982551574707,261504,0.008722694590687752,3632,261403
-0.84187218,72.0,3,76473,0.0003,5.434697151184082,261792,0.0005601575830951333,3636,261691
-0.8466629,72.0,3,76558,0.0003,5.30162239074707,262080,0.014725638553500175,3640,261979
-0.85743389,72.0,3,76648,0.0003,5.292380332946777,262368,0.007459262851625681,3644,262267
-0.8844683999999999,72.0,3,76747,0.0003,5.355791091918945,262656,0.002080668695271015,3648,262555
-0.87707054,72.0,3,76823,0.0003,5.4361114501953125,262944,0.015578520484268665,3652,262843
-0.8745342800000002,72.0,3,76907,0.0003,5.2594380378723145,263232,0.0023718629963696003,3656,263131
-0.8731485000000001,72.0,3,77000,0.0003,5.303326606750488,263520,0.004357198718935251,3660,263419
-0.8452795799999998,72.0,3,77075,0.0003,5.277841567993164,263808,0.0016927034594118595,3664,263707
-0.84097087,72.0,3,77153,0.0003,5.234264373779297,264096,0.002221053233370185,3668,263995
-0.8564525299999999,72.0,3,77248,0.0003,5.187510967254639,264384,0.0005293256836012006,3672,264283
-0.86807007,72.0,3,77331,0.0003,5.184514045715332,264672,0.0015800768742337823,3676,264571
-0.8901553999999998,72.0,3,77406,0.0003,5.233924388885498,264960,0.009365777485072613,3680,264859
-0.9052602299999998,72.0,3,77490,0.0003,5.112935543060303,265248,0.0005505727604031563,3684,265147
-0.9202095899999999,72.0,3,77575,0.0003,5.112432956695557,265536,0.0008573824889026582,3688,265435
-0.89248022,72.0,3,77655,0.0003,5.065300464630127,265824,0.0010769118089228868,3692,265723
-0.8670480700000001,72.0,3,77734,0.0003,5.036931991577148,266112,0.005903470795601606,3696,266011
-0.8601874100000001,72.0,3,77828,0.0003,5.007908344268799,266400,0.014793075621128082,3700,266299
-0.8337482,72.0,3,77915,0.0003,4.970316410064697,266688,0.0006021913141012192,3704,266587
-0.8520805900000002,72.0,3,78013,0.0003,4.968539237976074,266976,0.0008029381278902292,3708,266875
-0.86037221,72.0,3,78092,0.0003,4.962240219116211,267264,0.0007476671016775072,3712,267163
-0.84026476,72.0,3,78186,0.0003,4.858059883117676,267552,0.018960271030664444,3716,267451
-0.8423147599999998,72.0,3,78279,0.0003,4.901847839355469,267840,0.0005285684019327164,3720,267739
-0.8259722599999999,72.0,3,78366,0.0003,4.829117774963379,268128,0.0047991517931222916,3724,268027
-0.8230224300000001,72.0,3,78449,0.0003,4.920010566711426,268416,0.00873965211212635,3728,268315
-0.8231245699999999,72.0,3,78542,0.0003,4.8428874015808105,268704,0.002120400546118617,3732,268603
-0.8078848,72.0,3,78614,0.0003,4.742332458496094,268992,0.005530334077775478,3736,268891
-0.8103777699999999,72.0,3,78690,0.0003,4.9048357009887695,269280,0.03137065842747688,3740,269179
-0.81114087,72.0,3,78772,0.0003,4.802648544311523,269568,0.0038807024247944355,3744,269467
-0.79394779,72.0,3,78856,0.0003,4.77260684967041,269856,0.0034642487298697233,3748,269755
-0.8117073400000001,72.0,3,78934,0.0003,4.725196838378906,270144,0.00262379739433527,3752,270043
-0.82691235,72.0,3,79015,0.0003,4.679429531097412,270432,0.0022998121567070484,3756,270331
-0.81865479,72.0,3,79097,0.0003,4.646159648895264,270720,0.0008233441039919853,3760,270619
-0.8094784799999999,72.0,3,79189,0.0003,4.693188667297363,271008,0.005919615738093853,3764,270907
-0.81923485,72.0,3,79275,0.0003,4.629739761352539,271296,0.000904344255104661,3768,271195
-0.81392066,72.0,3,79370,0.0003,4.600012302398682,271584,0.001158428844064474,3772,271483
-0.8112429599999998,72.0,3,79466,0.0003,4.54069709777832,271872,0.0033786469139158726,3776,271771
-0.7985647799999999,72.0,3,79543,0.0003,4.560856342315674,272160,0.011341672390699387,3780,272059
-0.7804858299999999,72.0,3,79628,0.0003,4.507645606994629,272448,0.002311231568455696,3784,272347
-0.7682745200000001,72.0,3,79715,0.0003,4.587556838989258,272736,0.007308176252990961,3788,272635
-0.76534746,72.0,3,79801,0.0003,4.500514984130859,273024,0.0017712486442178488,3792,272923
-0.79659732,72.0,3,79899,0.0003,4.436433792114258,273312,0.0013122647069394588,3796,273211
-0.8148735200000001,72.0,3,79991,0.0003,4.456040382385254,273600,0.009397335350513458,3800,273499
-0.8013497599999999,72.0,3,80072,0.0003,4.410632610321045,273888,0.0014517931267619133,3804,273787
-0.8010516299999999,72.0,3,80167,0.0003,4.380699157714844,274176,0.0010082151275128126,3808,274075
-0.8034520200000002,72.0,3,80245,0.0003,4.389276027679443,274464,0.001883640419691801,3812,274363
-0.83822455,72.0,3,80336,0.0003,4.346395492553711,274752,0.0008928041206672788,3816,274651
-0.84615003,72.0,3,80423,0.0003,4.301723003387451,275040,0.0006858644192107022,3820,274939
-0.8705266800000001,72.0,3,80502,0.0003,4.315978050231934,275328,0.000791203579865396,3824,275227
-0.87023336,72.0,3,80576,0.0003,4.315797328948975,275616,0.0018426893511787057,3828,275515
-0.85665069,72.0,3,80656,0.0003,4.214832782745361,275904,0.0025712200440466404,3832,275803
-0.8689072700000002,72.0,3,80743,0.0003,4.269681930541992,276192,0.00872218981385231,3836,276091
-0.89140315,72.0,3,80822,0.0003,4.224517822265625,276480,0.0007317326962947845,3840,276379
-0.86570296,72.0,3,80911,0.0003,4.232609272003174,276768,0.004057693295180798,3844,276667
-0.8616134500000001,72.0,3,80994,0.0003,4.214506149291992,277056,0.0031398797873407602,3848,276955
-0.8646171899999999,72.0,3,81085,0.0003,4.148722171783447,277344,0.00421444047242403,3852,277243
-0.8436414600000001,72.0,3,81169,0.0003,4.132068634033203,277632,0.0018436498939990997,3856,277531
-0.8462006899999999,72.0,3,81262,0.0003,4.076866626739502,277920,0.004233820829540491,3860,277819
-0.8798095799999999,72.0,3,81347,0.0003,4.158108711242676,278208,0.004250139929354191,3864,278107
-0.86655565,72.0,3,81444,0.0003,4.115690231323242,278496,0.013882556930184364,3868,278395
-0.84654916,72.0,3,81536,0.0003,4.060988426208496,278784,0.0063291555270552635,3872,278683
-0.8490380100000001,72.0,3,81616,0.0003,4.024655818939209,279072,0.007776182144880295,3876,278971
-0.8553588500000001,72.0,3,81703,0.0003,4.05598258972168,279360,0.004114639945328236,3880,279259
-0.86541697,72.0,3,81785,0.0003,4.0509490966796875,279648,0.0027948631905019283,3884,279547
-0.8432458199999999,72.0,3,81869,0.0003,4.0197319984436035,279936,0.0020199695136398077,3888,279835
-0.87377882,72.0,3,81962,0.0003,3.9444217681884766,280224,0.003307428676635027,3892,280123
-0.8512465899999998,72.0,3,82052,0.0003,3.959230422973633,280512,0.001967445481568575,3896,280411
-0.8513188300000002,72.0,3,82129,0.0003,4.045308589935303,280800,0.020149843767285347,3900,280699
-0.8649842199999997,72.0,3,82204,0.0003,3.9345505237579346,281088,0.0010231812484562397,3904,280987
-0.86606497,72.0,3,82289,0.0003,3.959738254547119,281376,0.005138002336025238,3908,281275
-0.86651141,72.0,3,82371,0.0003,3.914036273956299,281664,0.002512787701562047,3912,281563
-0.8372020300000002,72.0,3,82459,0.0003,3.907076597213745,281952,0.0010644295252859592,3916,281851
-0.83104384,72.0,3,82549,0.0003,3.8569936752319336,282240,0.0009147038217633963,3920,282139
-0.8089062500000002,72.0,3,82632,0.0003,3.832509756088257,282528,0.004100730177015066,3924,282427
-0.79435235,72.0,3,82707,0.0003,3.79252552986145,282816,0.00308602093718946,3928,282715
-0.8141221800000001,72.0,3,82787,0.0003,3.826822280883789,283104,0.002165920101106167,3932,283003
-0.7959010999999999,72.0,3,82870,0.0003,3.7901415824890137,283392,0.00060118711553514,3936,283291
-0.77215057,72.0,3,82959,0.0003,3.808297634124756,283680,0.00303414324298501,3940,283579
-0.79001512,72.0,3,83040,0.0003,3.7997665405273438,283968,0.004095288924872875,3944,283867
-0.7799390300000002,72.0,3,83119,0.0003,3.682250499725342,284256,0.0061791581101715565,3948,284155
-0.78812086,72.0,3,83206,0.0003,3.6600821018218994,284544,0.010227581486105919,3952,284443
-0.8208087399999999,72.0,3,83294,0.0003,3.649625301361084,284832,0.005123058799654245,3956,284731
-0.8155756899999999,72.0,3,83379,0.0003,3.6476075649261475,285120,0.00428537093102932,3960,285019
-0.7876967699999998,72.0,3,83450,0.0003,3.607311248779297,285408,0.01219776552170515,3964,285307
-0.8043659099999999,72.0,3,83534,0.0003,3.5906100273132324,285696,0.007760063745081425,3968,285595
-0.80953282,72.0,3,83627,0.0003,3.697843074798584,285984,0.006818336434662342,3972,285883
-0.81012036,72.0,3,83699,0.0003,3.676687240600586,286272,0.0036049848422408104,3976,286171
